Adventure,Animation,Children,Comedy,Fantasy,Romance,Drama,Action,Crime,Thriller,Horror,Mystery,Sci-Fi,IMAX,Documentary,War,Musical,Western,Film-Noir,(no genres listed)
1,0,0,5,0,1,3,6,3,2,0,1,3,1,0,0,0,0,0,0
7,0,0,4,2,3,4,5,3,2,2,0,2,1,0,0,1,0,0,0
3,0,0,1,0,0,0,2,0,2,0,0,2,1,0,0,0,0,0,0
2,0,0,8,0,2,6,7,6,6,0,3,1,0,0,0,0,0,0,0
0,0,0,1,0,0,5,0,0,0,0,0,0,0,0,0,0,0,0,0
9,1,1,8,3,2,7,7,4,11,6,5,13,1,0,1,0,0,0,0
2,0,0,5,0,3,11,7,6,9,3,1,4,0,0,2,0,0,0,0
7,5,6,30,7,13,29,4,4,9,2,4,5,0,1,1,4,0,0,0
0,0,0,0,0,1,2,0,0,1,0,0,1,0,0,0,0,0,0,0
10,2,2,25,4,13,24,15,14,19,2,6,6,0,1,3,1,0,0,0
2,0,0,4,2,4,15,4,2,7,4,5,1,0,0,2,0,0,0,0
13,1,4,22,7,10,21,24,9,14,3,3,15,4,0,3,0,0,0,0
26,6,15,68,17,24,74,46,28,66,23,17,24,1,1,5,3,1,2,0
16,7,6,25,6,6,34,24,15,20,1,4,7,5,1,6,1,4,0,0
9,4,6,18,4,12,42,13,13,16,7,4,7,1,2,4,3,3,1,0
6,3,3,9,5,7,10,9,4,7,1,2,2,0,1,0,0,0,0,0
10,0,2,23,3,13,47,11,10,17,5,2,9,1,3,6,0,1,1,0
0,0,0,1,0,1,5,1,4,5,0,4,1,0,0,0,0,0,0,0
8,2,1,19,1,8,21,25,14,23,3,8,12,2,0,3,0,2,0,0
4,1,1,3,4,1,7,2,2,1,0,1,1,2,0,1,0,1,0,0
9,2,4,44,12,29,71,19,17,25,3,7,7,4,7,11,7,2,4,0
6,2,3,28,4,22,28,5,9,11,0,3,1,1,0,0,3,0,0,0
5,0,0,3,2,1,11,7,6,7,0,2,1,0,0,0,1,0,0,0
1,1,0,1,1,1,3,2,2,0,0,0,1,1,0,0,0,1,0,0
13,5,4,17,7,5,19,21,7,9,3,4,7,4,1,3,0,0,0,0
15,4,3,18,7,13,33,17,14,17,6,7,16,3,2,2,3,1,3,0
0,0,0,1,0,0,1,0,0,0,0,0,0,0,0,0,0,0,0,0
4,0,1,8,4,3,12,8,3,6,2,0,8,1,1,2,2,1,0,0
7,7,7,16,3,10,10,3,2,2,0,1,4,0,2,2,3,0,0,0
7,3,4,26,7,12,26,8,12,13,2,2,4,0,4,3,5,1,0,0
7,1,2,21,3,8,23,7,7,10,1,2,8,2,0,3,1,0,0,0
9,3,4,33,8,16,59,8,12,13,3,7,3,2,11,0,10,1,5,0
4,0,0,5,2,5,10,13,5,13,2,4,8,2,0,2,0,0,0,0
5,6,5,9,1,2,4,5,2,4,0,0,0,3,1,0,1,1,0,0
3,3,2,2,3,3,5,2,1,2,0,1,0,0,0,1,1,0,0,0
9,4,5,14,10,9,16,7,4,8,2,1,4,4,0,0,3,0,0,0
1,0,0,0,0,0,1,1,1,1,0,0,0,0,0,0,0,0,0,0
1,0,0,2,2,3,10,1,4,5,0,3,0,0,0,1,0,0,0,0
1,0,0,1,0,1,1,2,1,3,0,0,0,0,0,0,0,0,0,0
21,8,7,18,12,7,8,21,4,9,3,6,16,7,0,0,3,1,0,0
1,1,1,3,0,0,3,4,4,6,2,3,2,1,1,1,0,0,0,0
9,1,4,22,3,6,28,11,8,11,5,8,8,3,1,1,4,1,1,0
7,3,4,14,6,8,20,4,5,7,0,4,4,0,2,3,1,2,0,0
19,10,19,61,13,33,74,18,18,25,13,5,18,0,1,4,6,3,3,1
2,1,1,1,1,0,3,1,1,2,0,0,0,0,0,0,0,0,0,0
9,3,4,12,5,4,11,15,7,17,5,4,9,3,0,2,1,0,0,0
0,0,0,2,0,3,2,0,0,0,0,0,0,0,0,0,0,0,0,0
0,0,0,1,0,0,0,1,1,1,0,0,0,0,0,0,0,0,0,0
6,0,1,9,2,9,10,6,5,9,1,3,2,2,0,2,0,1,0,0
9,2,3,4,5,0,8,7,0,3,0,1,2,0,0,1,0,0,0,0
20,4,4,34,8,14,27,19,17,17,4,3,12,0,2,3,7,1,0,0
7,0,0,5,3,3,14,10,6,8,1,5,4,1,1,2,0,1,2,0
9,2,3,13,4,6,10,13,3,9,1,3,11,0,0,2,1,1,0,0
7,1,0,10,7,10,19,14,7,11,4,1,6,0,0,1,1,1,0,0
7,1,1,5,2,0,19,7,4,4,0,0,5,3,2,3,0,1,0,0
31,4,11,75,8,33,92,49,33,57,15,17,22,2,3,12,5,2,1,0
8,3,2,4,2,5,12,9,4,11,2,5,8,1,2,0,1,0,1,0
1,1,0,2,2,1,5,2,1,8,3,3,4,2,0,0,1,0,0,0
4,1,1,12,0,4,10,8,6,8,7,6,8,1,1,1,0,0,1,0
18,4,6,27,7,16,42,25,18,21,6,9,8,2,1,9,8,2,4,0
4,0,1,8,0,5,17,2,2,4,0,1,5,0,0,4,1,0,1,0
3,0,0,2,1,2,2,5,3,3,1,2,5,1,1,1,0,0,0,0
6,3,4,5,4,1,2,3,2,4,1,1,1,0,0,1,0,0,1,0
1,1,0,3,1,2,2,2,2,2,0,1,4,1,0,0,0,0,0,0
10,0,0,6,3,0,8,13,9,11,5,6,5,1,0,1,0,1,0,0
2,1,1,4,1,4,9,8,3,6,0,0,1,0,0,3,0,0,0,0
4,1,0,16,2,6,25,17,11,20,3,6,9,1,0,2,0,2,0,0
2,0,0,2,3,3,9,3,3,6,3,3,2,1,2,2,0,0,2,0
12,5,3,5,5,5,16,12,3,13,3,4,8,5,0,2,1,0,0,0
7,4,6,18,4,2,20,16,6,9,2,4,5,1,2,4,2,0,0,0
2,1,1,3,1,4,1,1,1,0,0,0,1,1,0,0,0,0,0,0
3,0,0,8,1,6,13,12,3,7,0,0,3,0,1,2,0,0,0,0
6,3,1,8,3,3,14,2,4,2,2,1,3,1,2,1,0,1,0,0
6,3,3,15,3,2,14,16,11,14,4,2,5,1,4,2,2,0,0,0
15,1,4,26,7,9,8,19,6,14,0,1,6,5,1,5,1,1,0,0
4,1,1,6,1,3,9,2,2,1,0,0,0,0,0,0,0,0,0,0
8,3,2,16,4,4,30,5,12,18,7,3,4,1,4,1,5,0,4,0
2,2,2,3,2,2,7,2,3,6,1,5,1,2,0,0,1,1,0,0
9,3,5,11,6,4,5,11,3,4,0,0,8,1,1,2,3,0,0,0
5,4,4,22,7,12,42,4,7,9,3,5,2,0,9,5,0,1,0,0
17,7,9,23,16,11,14,13,6,11,5,3,5,1,0,1,4,0,2,0
0,0,0,1,0,0,0,0,0,0,1,0,0,0,0,0,0,0,0,0
7,1,1,4,2,3,9,10,8,7,1,4,3,1,0,1,0,2,0,0
14,8,10,27,8,14,21,12,5,7,4,4,5,4,1,3,5,0,0,0
1,0,0,4,1,1,6,1,0,1,0,0,1,0,0,0,0,0,0,0
4,2,2,17,2,8,11,3,7,3,1,0,2,1,2,2,0,0,0,0
5,7,6,6,2,4,4,4,1,1,0,1,4,3,1,0,3,1,0,0
2,1,1,2,2,2,3,2,1,1,0,2,0,2,0,0,1,0,0,0
1,0,0,4,0,1,0,3,0,1,0,0,3,0,0,0,0,0,0,0
7,2,2,11,2,4,8,11,4,9,3,2,2,2,0,4,1,0,0,0
3,3,5,14,3,3,19,8,7,7,1,2,5,4,3,0,1,2,0,0
19,6,10,13,8,3,9,8,5,6,2,3,8,0,0,1,1,1,0,0
1,0,0,1,0,0,1,0,0,0,0,0,2,0,0,1,0,0,0,0
4,1,0,1,1,5,7,9,2,4,1,0,5,0,1,2,0,0,0,0
2,1,1,11,1,13,17,3,3,4,0,1,2,1,0,3,0,0,1,0
4,0,0,2,0,1,5,1,3,3,2,2,3,0,1,1,0,0,0,0
11,2,4,9,8,4,14,11,6,11,5,5,9,0,2,1,1,1,0,0
5,2,4,49,7,52,156,21,32,46,6,13,9,1,11,11,4,1,3,0
25,8,10,35,11,9,24,39,12,21,10,4,16,2,1,2,3,10,0,0
4,0,1,2,3,2,4,3,2,3,1,0,2,0,0,1,0,0,0,0
1,1,1,5,1,0,9,2,2,3,0,2,0,0,0,2,0,0,0,0
12,3,5,27,5,8,28,20,9,17,7,4,11,4,3,6,3,1,0,0
12,2,5,15,4,8,5,9,2,4,1,0,4,3,0,1,0,0,0,0
4,1,1,2,0,1,5,4,1,4,0,1,3,0,0,1,0,2,0,0
1,1,0,3,1,0,6,2,3,3,1,0,1,0,0,2,0,0,0,0
6,3,4,11,2,7,19,4,6,6,2,3,4,1,1,1,1,1,0,0
3,0,0,1,0,0,3,5,2,1,0,0,1,2,0,1,0,0,0,0
20,1,2,29,3,22,68,26,27,42,9,11,9,1,4,7,8,2,1,0
1,0,0,1,0,0,1,2,3,1,0,0,0,1,0,0,0,0,0,0
1,0,0,3,0,1,4,4,0,0,1,0,3,1,0,0,1,0,0,0
5,1,1,11,4,3,13,5,5,4,1,2,4,0,1,2,1,0,0,0
1,1,1,4,1,7,10,1,2,1,1,3,1,0,0,0,0,0,2,0
7,1,1,14,4,6,21,19,11,18,1,3,8,4,0,2,0,1,0,0
1,1,0,3,0,3,18,1,2,2,0,1,1,0,1,0,0,0,0,0
0,0,0,2,0,0,3,1,0,1,0,1,0,0,0,0,0,1,0,0
0,0,0,6,2,6,6,0,2,4,0,2,1,0,0,1,1,0,3,0
11,1,1,12,3,9,20,14,5,11,3,3,4,0,0,2,2,0,0,0
7,7,6,15,5,7,16,15,11,17,8,3,13,3,1,0,1,0,0,0
7,0,0,11,5,6,14,6,3,6,0,4,4,2,0,1,1,1,0,0
2,0,0,4,1,2,7,2,4,5,2,1,3,1,0,0,0,0,0,0
3,1,0,9,1,2,28,11,8,14,3,6,8,3,0,2,0,1,2,0
7,3,4,6,2,2,9,7,7,9,2,7,7,1,2,2,1,0,0,0
10,3,6,31,7,16,55,12,17,17,2,7,6,0,14,9,4,3,2,0
1,0,0,0,0,0,2,0,1,0,0,0,1,0,0,0,0,0,0,0
7,7,7,14,3,10,17,4,0,2,1,1,6,0,0,0,3,0,0,0
5,0,0,8,2,3,6,7,7,5,1,3,0,1,0,0,1,0,0,0
10,2,3,16,2,4,30,9,4,14,5,7,9,2,3,7,1,0,1,0
0,1,1,0,0,0,0,1,0,0,0,0,1,0,0,0,0,0,0,0
3,1,1,10,1,2,2,7,3,4,1,1,6,0,0,0,0,0,0,0
20,3,4,24,7,15,62,16,14,24,9,8,12,3,5,6,4,1,0,0
1,0,0,0,0,3,8,2,1,1,1,1,2,0,0,0,0,0,0,0
1,0,0,8,2,4,9,1,2,2,0,0,2,1,2,0,0,0,1,0
0,0,0,2,1,1,3,1,1,2,1,0,0,0,0,1,0,0,0,0
2,0,0,0,1,0,3,1,1,0,0,0,2,2,0,1,0,0,0,0
3,0,0,10,0,5,27,2,5,7,2,5,2,0,3,3,4,0,2,0
3,0,1,2,0,1,6,0,1,2,0,1,1,1,1,0,0,0,0,0
3,1,2,3,3,2,3,4,1,6,5,3,5,1,0,0,0,0,0,0
11,3,5,14,2,9,22,11,6,9,1,2,9,2,0,3,2,0,0,0
3,2,2,10,2,3,7,3,3,1,0,0,1,2,0,1,0,0,0,0
2,1,1,5,2,4,4,4,2,3,0,2,1,2,0,0,3,0,0,0
17,9,10,44,10,24,44,14,10,16,4,4,5,2,2,4,7,2,1,0
4,2,1,12,1,7,20,4,5,7,1,2,7,0,0,1,2,0,0,0
27,7,12,75,15,17,62,35,22,38,22,11,27,2,2,2,6,5,3,0
0,0,0,0,0,0,1,1,1,1,0,1,1,1,0,0,0,0,0,0
5,2,1,7,3,4,14,4,3,7,2,3,2,2,1,3,2,0,2,0
2,1,0,8,0,3,10,4,5,7,7,2,2,0,0,1,1,0,1,0
1,0,0,0,1,0,1,0,0,2,0,1,1,0,0,0,1,0,0,0
4,3,5,6,5,2,9,3,5,8,4,5,3,1,0,1,2,0,0,0
4,2,0,4,3,1,10,7,4,10,8,2,6,1,0,0,0,2,0,0
14,8,9,26,7,9,21,14,2,7,8,4,12,4,1,5,3,1,0,0
16,8,8,22,6,8,17,16,6,12,4,1,5,6,1,2,2,2,0,0
6,0,1,5,2,2,6,5,2,5,2,1,2,0,0,1,0,0,0,0
0,0,0,0,0,2,2,1,1,1,0,1,0,0,0,0,0,0,0,0
1,7,7,5,3,1,2,0,0,0,0,0,0,1,3,0,4,0,0,0
5,0,2,8,1,4,13,4,7,11,4,0,2,0,2,0,1,0,0,0
0,0,0,0,0,0,0,1,0,1,0,0,1,0,0,0,0,0,0,0
18,3,4,16,7,6,16,23,8,10,0,2,12,4,0,1,1,0,0,0
3,1,1,2,3,1,6,4,2,4,2,0,1,0,0,1,1,0,0,0
3,2,3,8,1,10,15,4,3,9,3,3,4,2,2,1,0,2,0,0
8,2,3,11,3,6,8,9,3,9,8,5,4,0,0,0,1,1,1,0
4,1,0,5,1,3,13,10,7,10,2,1,4,2,0,4,0,0,0,0
2,1,1,1,2,0,1,2,0,1,0,0,2,1,0,0,0,0,0,0
4,0,2,8,5,3,10,3,2,4,1,2,2,1,1,1,0,0,0,0
4,0,0,0,2,1,1,3,1,2,2,0,4,2,0,0,0,0,0,0
0,0,0,3,0,1,2,0,1,0,0,0,0,0,0,0,0,0,0,0
4,1,1,6,4,5,9,1,4,3,2,1,1,0,1,0,2,0,1,0
5,0,0,7,2,6,9,9,2,6,1,3,3,3,0,1,0,0,0,0
1,1,1,3,0,0,9,2,3,2,0,0,0,0,1,1,0,0,0,0
3,1,2,4,1,0,2,4,1,3,3,1,3,0,0,1,0,1,0,0
10,0,0,5,3,2,10,14,5,9,0,0,6,1,0,1,1,2,0,0
0,0,0,2,1,1,1,0,1,1,0,0,0,0,0,0,0,0,0,0
9,3,3,24,5,11,29,6,8,6,2,6,5,0,0,1,2,0,0,0
3,0,1,6,3,1,10,5,2,3,1,4,3,2,0,2,2,0,1,0
1,0,0,7,0,6,18,8,5,16,4,5,4,1,0,2,0,0,0,0
10,2,1,15,3,10,29,11,6,16,3,5,5,1,2,2,0,0,1,0
2,0,1,4,1,1,6,4,2,2,0,1,0,0,0,1,0,1,1,0
18,5,2,16,8,10,25,31,9,11,2,2,16,9,0,1,0,3,0,0
4,1,2,2,1,1,4,3,3,4,0,2,1,0,0,1,0,0,0,0
6,0,1,21,3,9,23,4,6,6,4,1,4,0,1,5,1,1,3,0
2,0,0,2,0,0,3,2,0,2,0,1,3,1,1,2,0,1,0,0
0,0,0,1,0,1,0,0,0,0,0,0,0,0,0,0,0,0,0,0
2,2,2,9,1,5,27,4,14,16,2,6,7,1,2,2,0,2,2,0
8,0,1,51,5,12,39,19,20,16,12,7,6,1,0,1,2,4,1,0
21,7,10,77,16,39,79,25,26,52,17,23,13,4,2,6,8,0,2,0
0,0,0,2,1,3,3,0,1,0,0,0,0,0,0,0,0,0,0,0
4,1,2,4,2,5,10,7,2,1,0,1,3,2,0,1,0,0,0,0
13,6,2,23,5,7,51,30,29,34,10,9,9,2,2,8,0,5,1,0
10,5,3,32,4,19,71,14,19,21,2,12,13,2,10,8,4,0,6,0
22,10,19,57,16,28,32,15,11,14,7,5,8,2,0,3,7,1,0,0
1,2,2,3,3,3,1,0,0,1,0,1,0,0,0,0,0,0,0,0
11,2,1,12,5,5,17,14,4,8,2,0,6,0,0,5,2,2,1,0
3,2,2,8,4,3,10,5,8,8,1,3,0,0,0,1,0,1,0,0
1,0,1,3,1,0,6,1,2,2,0,1,1,0,0,0,0,0,0,0
5,2,2,9,3,8,14,4,5,5,0,2,5,0,0,2,1,0,0,0
9,3,4,19,5,17,31,17,6,15,2,0,12,4,4,2,1,0,1,0
25,5,10,78,13,50,172,33,56,68,19,27,20,3,6,26,10,11,16,0
5,0,0,4,1,3,10,6,5,7,2,1,2,2,0,0,1,0,0,0
10,9,8,38,14,24,59,26,24,29,13,14,16,3,6,8,4,1,2,0
12,2,3,7,2,3,6,10,2,4,1,1,9,1,0,1,0,0,0,0
1,1,1,0,1,1,2,2,1,0,0,0,1,0,0,1,0,0,0,0
8,3,2,21,6,12,46,6,8,7,3,4,6,0,2,4,2,2,3,0
6,0,0,9,3,10,22,9,9,11,3,3,10,2,0,3,1,0,0,0
4,1,1,39,2,15,59,8,7,14,1,3,5,1,2,3,1,0,0,0
11,5,5,14,6,5,9,13,7,7,1,1,10,3,0,0,1,0,0,0
2,0,1,1,1,0,2,2,0,0,0,0,1,0,0,0,0,0,0,0
5,3,2,5,2,5,6,6,1,3,0,0,4,1,0,1,1,0,0,0
0,0,0,0,0,0,0,1,1,0,0,0,1,1,0,0,0,0,0,0
4,0,2,8,1,1,7,7,4,5,0,0,4,1,0,3,0,0,0,0
20,8,10,20,10,5,11,24,4,15,9,2,20,7,0,0,2,0,0,0
17,1,3,21,8,10,27,25,12,32,11,12,16,3,2,3,1,1,1,0
3,2,2,3,0,0,0,5,1,4,0,0,2,1,0,1,1,0,0,0
6,3,1,8,1,5,10,9,6,9,0,0,9,0,1,1,0,0,0,0
6,1,5,8,3,6,14,4,4,8,1,3,4,2,1,1,1,0,0,0
10,3,1,12,4,4,34,16,18,23,3,13,11,2,2,3,0,2,0,0
2,0,2,16,0,14,27,0,1,3,0,1,0,0,3,0,3,1,0,0
4,2,2,2,3,1,3,5,0,1,0,0,1,3,0,1,0,1,0,0
2,0,0,3,0,3,5,2,1,2,0,1,0,0,0,0,0,1,0,0
7,2,0,12,5,7,5,12,4,6,0,2,5,0,0,1,2,1,0,0
2,0,0,0,1,0,2,2,1,2,0,1,1,0,0,0,0,0,0,0
11,10,10,5,9,1,5,6,0,2,1,1,2,2,0,2,1,0,0,0
9,4,5,11,5,16,32,15,12,15,2,3,10,0,2,3,2,2,1,0
8,1,1,3,0,3,3,8,3,7,1,2,5,1,0,0,1,0,0,0
2,0,0,3,1,2,12,5,3,5,1,1,3,1,1,2,0,1,0,0
0,1,0,2,1,0,4,2,1,2,0,0,1,0,0,0,0,0,0,0
7,5,4,9,7,6,12,7,7,7,0,4,5,3,0,1,0,0,0,0
13,2,5,14,7,7,18,19,8,18,6,3,15,4,1,1,3,0,0,0
0,1,0,1,1,1,1,0,0,0,0,0,1,0,0,0,0,0,0,0
6,3,4,11,5,4,4,8,6,6,4,5,5,0,0,0,0,1,0,0
7,4,3,8,6,5,10,4,6,5,0,3,4,2,0,2,1,0,0,0
2,0,0,0,0,1,3,3,0,2,1,1,3,1,0,1,0,0,0,0
5,1,3,7,3,2,3,10,0,5,2,2,8,0,0,0,1,1,0,0
6,1,1,7,3,4,12,15,7,16,4,3,14,1,0,0,0,1,0,0
4,1,0,4,1,2,9,5,2,8,1,2,4,0,2,0,0,0,0,0
1,1,1,2,0,0,3,1,4,3,0,0,1,1,1,0,0,0,0,0
1,0,1,4,1,2,6,0,0,2,0,0,0,0,0,0,0,0,1,0
7,0,0,4,3,1,2,9,4,5,1,0,1,2,0,0,0,0,0,0
4,0,0,10,3,5,14,10,8,15,9,4,5,3,0,1,1,0,0,0
9,1,5,37,5,15,28,14,11,8,5,2,4,0,3,4,2,2,0,0
4,4,3,4,4,2,6,3,2,4,1,2,3,3,0,0,0,1,0,0
14,9,11,32,12,24,16,8,2,8,3,4,11,4,0,1,6,0,0,0
1,0,0,1,2,2,5,0,0,1,0,1,1,0,0,0,0,0,0,0
8,3,1,12,6,3,8,11,1,12,11,4,8,0,0,0,3,0,0,0
10,2,4,8,4,4,19,26,8,17,4,2,14,4,0,8,0,1,0,0
4,1,1,6,2,10,11,3,1,3,0,0,1,1,0,0,1,0,0,0
2,0,0,4,2,8,23,5,8,11,2,8,2,1,1,0,0,1,2,0
8,0,1,25,3,8,22,18,13,9,0,3,7,1,2,2,1,0,0,0
0,0,0,1,0,0,0,1,0,0,0,0,0,0,0,0,0,1,0,0
5,2,4,3,6,0,1,1,1,1,1,1,0,1,0,0,0,0,0,0
0,0,1,2,0,1,7,1,2,4,1,1,1,0,0,0,0,0,0,0
0,0,0,1,0,0,2,1,1,0,0,0,0,0,0,0,0,0,0,0
2,0,0,2,1,4,9,3,5,4,0,1,3,0,0,0,1,0,1,0
11,0,0,13,4,6,14,23,7,11,5,2,7,1,0,3,0,3,0,0
7,2,1,20,2,11,39,9,13,15,3,8,10,2,5,2,4,0,1,0
1,0,0,1,0,0,9,4,7,7,1,2,1,1,0,0,0,0,0,0
2,2,3,12,5,15,21,1,2,8,1,5,4,0,0,0,4,0,0,0
3,0,0,2,1,1,6,3,6,3,1,2,1,0,0,0,0,0,3,0
6,0,1,6,3,2,13,2,2,6,1,2,3,0,0,1,0,0,1,0
2,0,0,6,0,3,15,6,10,13,2,6,4,0,0,0,1,1,0,0
7,2,1,4,5,0,7,15,6,8,1,1,7,1,0,3,0,0,0,0
7,3,3,13,4,6,10,12,3,5,2,0,3,1,0,3,0,0,0,0
0,0,0,0,0,0,2,0,0,0,0,0,0,0,0,0,0,0,0,0
2,0,0,0,1,0,2,1,0,0,0,1,0,1,0,1,0,0,0,0
0,0,0,3,0,1,7,4,6,6,1,1,3,2,0,2,0,0,0,0
3,0,0,3,0,0,6,2,1,2,0,1,1,1,0,1,0,0,0,0
16,4,2,21,6,4,20,23,11,17,10,6,15,1,0,2,2,2,0,0
6,0,1,3,4,1,3,9,1,3,0,2,3,1,0,1,0,0,0,0
6,0,0,9,3,5,9,8,2,8,2,0,5,5,0,0,0,0,0,0
11,1,2,14,4,2,8,13,5,3,3,0,7,3,0,2,0,0,0,0
4,6,7,12,4,10,8,5,3,2,0,3,2,2,0,0,6,1,1,0
3,0,0,2,0,1,10,6,4,7,1,4,4,0,0,1,0,0,0,0
14,5,5,9,4,3,25,14,9,12,2,3,4,3,1,3,0,0,0,0
6,4,2,3,1,2,5,7,3,6,2,3,8,1,0,0,2,0,0,0
2,0,1,7,2,2,9,3,3,3,5,1,3,0,0,0,1,0,0,0
6,1,1,7,4,7,17,12,9,13,3,5,8,4,0,0,0,0,2,0
10,5,8,34,15,20,29,18,9,23,10,4,11,3,0,2,5,1,0,0
7,1,2,15,2,7,25,18,9,15,4,3,15,2,0,1,0,0,0,0
5,1,2,6,1,6,7,6,3,3,1,1,3,2,2,0,1,0,0,0
8,2,3,10,8,3,4,13,4,4,0,1,3,4,0,1,0,0,0,0
8,3,4,24,5,13,23,10,12,14,3,4,2,1,1,2,3,1,0,0
8,4,5,38,3,20,36,11,7,14,5,7,4,1,4,1,3,0,1,0
4,2,2,3,4,2,6,5,1,3,2,0,1,0,1,1,0,0,0,0
2,1,1,2,2,3,6,0,2,0,0,0,0,0,0,0,0,0,0,0
4,0,0,3,2,2,5,7,4,3,0,0,3,2,1,0,0,0,0,0
15,7,5,13,6,1,11,26,7,17,5,4,15,4,0,3,1,0,1,0
2,1,1,6,1,6,2,2,2,2,0,0,1,2,0,0,0,0,0,0
3,2,3,9,2,8,17,5,4,7,0,2,3,1,1,1,1,2,0,0
6,3,2,10,3,3,9,10,5,11,4,1,5,1,1,0,1,1,0,0
5,3,4,1,11,1,8,9,2,13,10,2,6,2,0,0,4,0,0,0
5,2,1,5,3,4,4,5,4,3,1,3,1,2,0,0,2,0,0,0
16,3,6,20,7,6,24,21,9,13,2,3,12,4,2,4,3,1,0,0
0,0,0,0,0,1,2,0,0,0,0,0,0,0,0,1,0,0,0,0
9,3,3,8,3,11,25,4,4,5,0,2,1,1,0,3,2,0,0,0
13,6,8,19,9,9,34,14,9,13,6,4,7,0,1,1,3,2,1,0
4,1,1,12,4,8,6,8,2,4,5,1,7,0,0,0,2,0,0,0
7,2,1,8,1,2,10,12,3,10,0,2,5,0,0,2,0,0,0,0
2,2,0,3,0,3,6,8,3,5,0,2,1,1,0,2,0,1,0,0
10,5,2,12,7,2,23,19,13,14,6,5,13,2,1,3,1,0,0,0
9,1,1,12,7,8,8,13,4,10,3,3,8,1,0,0,0,2,0,0
8,3,2,7,3,7,7,4,4,6,2,1,4,2,1,1,1,0,1,0
2,0,0,5,0,0,12,3,5,7,2,5,2,0,1,0,0,1,1,0
13,1,2,13,1,3,9,22,2,7,3,1,16,2,1,1,2,0,0,0
3,1,2,2,1,0,2,2,0,0,0,0,1,0,0,0,0,0,0,0
9,1,2,12,5,10,19,13,4,8,0,0,4,2,0,7,1,1,0,0
9,6,5,15,4,6,15,16,12,19,5,6,9,1,0,2,1,0,1,0
3,2,3,5,2,2,5,2,0,0,0,0,1,2,0,0,1,0,0,0
7,1,1,22,3,14,30,12,15,25,0,6,9,1,1,1,1,0,1,0
16,4,6,23,13,11,26,31,13,29,11,5,11,5,1,2,1,1,0,0
2,0,0,1,2,0,3,1,0,0,0,0,0,0,0,2,0,0,0,0
11,6,13,47,10,26,51,22,23,34,9,13,9,3,6,3,6,4,1,0
12,3,4,23,8,9,14,20,7,17,10,1,11,0,0,3,2,0,0,0
2,3,3,2,2,0,1,2,0,0,0,0,1,1,0,0,0,0,0,0
5,1,1,3,2,3,9,6,2,3,0,2,1,0,1,2,0,0,1,0
16,1,3,21,8,11,39,26,15,23,7,7,13,3,0,4,2,3,0,0
7,3,7,44,6,26,68,16,16,20,5,8,3,3,10,1,6,4,1,0
3,0,0,0,0,0,3,4,1,1,0,1,2,1,0,2,0,0,0,0
14,4,5,37,12,10,22,14,10,9,3,4,12,8,1,3,3,0,0,0
4,0,0,9,1,2,8,11,6,7,1,0,5,1,1,0,0,0,0,0
2,0,0,2,0,3,6,3,0,3,0,0,1,0,0,1,0,0,0,0
3,0,1,0,0,0,1,2,1,2,1,0,1,0,1,0,0,1,0,0
6,0,1,2,1,2,16,10,7,7,2,3,7,4,0,2,0,1,1,0
11,5,5,27,13,17,27,22,12,15,2,2,8,2,1,9,2,2,0,0
5,1,0,4,2,0,5,4,2,4,2,1,3,1,0,1,0,0,0,0
7,3,1,5,4,1,10,15,5,15,6,2,9,1,0,2,0,0,0,0
15,6,4,36,3,31,85,12,17,27,5,7,8,0,2,11,4,4,2,0
5,1,2,16,6,12,12,5,2,4,1,2,2,0,0,1,2,0,0,0
4,2,1,6,1,2,10,4,1,1,1,1,2,1,3,1,1,1,0,0
8,2,2,5,3,5,10,7,5,8,6,4,7,1,0,0,1,0,0,0
3,2,3,7,3,3,14,8,7,10,1,3,3,1,1,1,2,1,0,0
4,2,2,5,4,3,8,2,0,2,2,1,1,1,0,3,0,0,0,0
11,5,4,17,4,7,26,13,11,15,3,7,8,1,1,2,1,0,0,0
4,1,1,1,2,1,1,6,0,0,0,0,3,2,0,3,0,1,0,0
1,0,0,0,1,0,2,1,1,2,1,2,1,0,0,0,0,0,0,0
2,1,1,3,1,2,2,2,1,1,0,0,2,0,0,0,0,0,0,0
5,4,4,10,3,4,20,5,5,7,1,3,2,1,0,1,2,1,0,0
2,0,0,9,0,6,7,2,3,3,0,1,1,0,1,0,1,0,0,0
0,0,0,0,0,0,1,0,0,0,0,0,0,0,0,0,0,0,0,0
9,0,0,5,3,1,16,15,9,21,9,9,11,3,3,2,2,0,1,0
9,1,1,13,5,13,21,11,9,7,0,3,5,1,9,3,4,2,0,0
6,2,2,4,2,1,0,10,1,5,1,2,6,6,0,1,0,2,0,0
1,1,1,1,1,2,5,1,0,0,0,1,1,1,0,1,0,0,0,0
0,0,0,6,2,1,1,0,1,0,0,0,0,0,1,0,0,0,0,0
4,0,0,10,1,3,14,6,5,8,0,1,4,0,2,2,1,2,0,0
5,0,0,6,2,0,10,6,3,6,3,5,3,2,0,3,0,0,0,0
15,5,5,17,5,10,45,11,12,18,3,9,7,3,3,6,3,4,6,0
2,0,0,8,2,8,10,1,3,5,2,4,4,0,0,0,0,0,1,0
5,3,5,12,2,2,9,3,0,1,0,1,4,1,0,1,1,0,0,0
13,2,3,22,1,9,26,11,10,16,6,5,7,2,2,1,4,0,0,0
9,7,10,33,7,8,24,11,7,5,4,3,1,2,1,1,6,1,2,0
16,5,4,15,12,8,10,15,5,10,3,5,10,3,1,0,1,0,2,0
15,5,5,28,8,14,34,22,15,25,4,1,7,2,0,7,4,2,0,0
0,0,0,0,0,0,5,2,3,1,0,0,1,1,0,1,0,0,0,0
3,4,3,5,2,2,1,4,1,6,6,1,8,1,0,0,0,0,0,0
7,2,3,11,6,6,11,7,3,6,1,1,6,1,0,1,1,0,0,0
22,4,8,37,7,13,44,24,22,20,13,7,17,0,1,4,3,1,3,0
4,0,0,1,0,1,11,4,4,4,1,2,4,0,0,2,0,0,0,0
0,0,0,0,0,0,3,3,1,3,0,1,0,0,0,1,0,0,0,0
10,2,3,16,4,2,11,11,5,6,1,0,10,4,1,1,3,0,0,0
8,1,2,21,5,5,10,11,8,4,2,2,4,0,2,0,2,2,0,0
5,3,2,7,4,6,14,7,7,8,1,1,5,3,2,2,3,0,0,0
3,2,3,6,7,1,4,5,2,5,5,2,2,1,0,0,0,0,0,0
17,11,16,30,11,12,22,12,5,8,0,5,9,8,0,1,4,0,0,0
7,3,2,13,7,9,11,8,5,4,0,3,5,6,0,0,2,0,0,0
17,5,12,50,10,9,40,22,11,20,13,6,7,0,2,2,4,0,0,0
6,1,2,18,5,8,20,13,10,18,7,7,2,0,0,1,0,2,0,0
8,2,4,33,5,23,32,13,11,8,2,7,4,2,4,0,5,2,0,0
11,3,3,11,7,9,20,13,6,9,3,4,5,4,0,2,2,1,1,0
15,4,7,38,7,16,22,20,5,15,5,3,6,0,0,4,1,0,0,0
9,2,2,12,4,7,16,15,9,14,3,5,6,2,1,0,0,0,1,0
6,1,1,21,4,7,11,13,5,8,3,2,6,1,1,1,0,1,0,0
7,0,0,6,1,7,11,7,2,8,1,2,6,2,0,0,1,0,0,0
5,2,0,5,5,1,2,6,1,5,5,0,4,1,0,0,0,1,0,0
5,1,1,4,3,3,7,1,1,2,1,0,0,0,0,1,0,0,0,0
7,1,2,24,4,15,23,9,5,13,5,6,8,1,0,1,3,0,1,0
2,0,0,15,1,13,46,11,14,9,0,4,3,1,8,7,3,1,5,0
5,2,4,5,3,2,6,1,1,3,1,0,3,0,0,1,1,1,0,0
11,0,1,15,4,7,17,9,5,8,6,0,6,1,0,1,2,2,0,0
1,1,1,7,1,6,4,1,0,0,0,0,0,1,0,0,0,0,0,0
12,1,7,34,7,13,23,15,0,9,3,3,9,2,1,3,4,1,0,0
1,0,0,1,0,0,1,1,0,1,0,1,0,0,0,0,0,0,0,0
4,2,2,0,3,1,5,1,1,2,1,1,1,1,0,1,2,0,0,0
0,0,0,0,0,0,0,0,0,1,1,0,0,0,0,0,0,0,0,0
4,1,2,8,2,6,25,8,6,13,1,3,4,0,1,1,1,0,0,0
10,0,0,27,2,27,42,14,9,14,2,7,2,2,0,4,0,5,1,0
0,0,0,0,0,0,0,1,1,1,0,1,0,0,0,0,0,0,0,0
4,2,2,11,1,4,9,3,6,5,0,0,4,1,1,0,0,0,0,0
8,0,2,10,1,7,23,11,9,18,2,6,7,1,1,2,1,1,1,0
1,1,1,5,2,2,14,3,5,7,1,3,2,0,3,0,1,0,1,0
19,7,9,22,7,9,19,21,8,13,5,3,12,6,0,2,4,1,0,0
1,0,0,3,1,2,2,0,0,0,0,0,0,0,0,0,0,0,0,0
4,2,1,3,1,1,6,7,4,6,0,3,2,0,0,0,1,0,1,0
1,0,0,1,1,0,0,0,1,1,1,0,0,0,0,0,0,0,0,0
13,5,4,19,6,9,19,29,9,28,16,4,15,3,1,2,5,1,0,0
2,3,4,12,7,5,19,0,3,3,0,3,3,1,2,2,2,1,1,0
9,4,6,25,11,7,17,14,5,7,6,1,7,4,2,1,3,4,0,0
5,0,1,4,2,3,11,12,8,10,4,0,7,3,0,0,0,0,0,0
0,0,0,0,0,0,1,0,0,1,0,0,0,0,0,0,0,0,0,0
4,0,0,3,3,3,5,14,6,11,1,1,4,1,0,1,0,0,0,0
5,1,2,15,5,12,18,4,4,3,1,2,1,2,0,4,4,0,1,0
5,1,1,3,0,5,7,5,2,4,1,1,2,0,0,1,0,0,0,0
3,2,2,1,2,2,3,1,0,0,0,0,2,0,0,0,1,0,0,0
8,0,1,4,3,3,8,11,2,4,0,1,3,0,0,2,0,0,0,0
8,6,6,30,6,10,37,8,8,25,17,6,11,1,4,2,3,0,0,0
6,1,0,10,1,4,14,12,5,8,1,4,4,0,0,5,0,2,0,0
3,2,0,2,1,2,2,3,1,4,1,1,4,2,0,1,0,0,0,0
18,6,8,51,7,9,19,25,10,17,5,4,15,3,1,4,3,2,0,0
8,1,1,8,1,2,9,12,9,7,1,2,5,1,0,0,0,1,1,0
4,0,1,7,2,3,4,3,2,4,0,2,1,0,2,2,1,0,0,0
4,0,0,9,3,1,7,4,6,4,2,1,2,1,0,3,0,1,2,0
0,0,0,1,1,2,2,0,1,1,0,1,0,0,0,1,0,0,0,0
4,2,6,11,3,3,2,4,3,4,1,1,5,1,1,0,1,0,0,0
9,3,3,23,5,6,26,20,11,16,5,6,8,1,1,3,0,1,0,0
1,0,0,3,1,1,2,1,1,2,1,0,2,0,0,1,0,0,0,0
9,3,3,15,4,11,32,9,16,16,0,7,8,1,2,3,1,0,1,0
14,7,5,26,10,8,41,23,16,21,10,7,14,2,2,6,4,0,0,0
6,1,1,20,0,16,38,10,7,8,0,4,2,0,1,5,1,2,0,0
12,5,8,10,8,3,5,6,2,5,0,1,4,3,2,0,4,1,0,0
1,0,0,1,0,0,1,2,2,2,0,1,0,0,0,1,0,0,0,0
3,0,1,9,2,2,7,6,4,6,5,4,2,0,0,1,0,0,0,0
3,2,0,2,1,1,3,6,1,2,1,0,3,0,0,0,1,1,0,0
31,16,15,58,12,17,55,38,16,30,11,11,20,5,5,4,4,2,0,0
5,5,4,6,2,3,12,4,2,5,1,2,3,0,0,0,1,1,0,0
1,0,0,1,0,0,2,2,2,2,0,0,1,0,0,0,0,0,0,0
25,9,10,53,14,25,57,35,23,40,28,17,20,6,1,4,7,1,4,0
1,1,1,2,2,0,2,0,0,1,0,1,1,0,0,1,1,0,0,0
8,1,6,12,3,7,15,4,3,8,1,6,2,0,5,0,2,0,0,0
14,1,3,34,6,24,54,21,20,27,7,7,6,0,3,8,3,0,3,0
1,0,1,2,0,1,5,1,1,2,0,1,1,0,0,0,0,0,0,0
9,5,1,9,7,6,11,18,7,9,5,2,13,0,0,2,2,0,0,0
7,6,6,7,5,5,13,6,7,4,0,2,5,1,1,1,1,0,0,0
12,6,5,15,6,3,14,13,11,9,2,2,8,3,1,2,0,0,0,0
4,1,3,3,0,4,6,8,1,4,1,0,6,0,0,1,0,0,0,0
12,2,6,11,11,1,8,8,4,5,3,2,7,1,0,0,0,0,0,0
14,8,7,11,9,4,17,16,6,17,9,5,13,6,3,3,4,0,0,0
6,2,2,9,2,8,18,11,7,5,1,2,2,2,1,4,5,3,0,0
6,1,1,6,2,7,24,5,7,14,3,5,4,0,1,0,0,1,0,0
2,0,0,8,1,3,14,5,9,5,3,2,3,0,0,0,0,2,0,0
1,0,0,4,0,0,2,3,3,2,0,1,1,1,0,0,0,0,0,0
2,1,1,0,2,2,2,1,0,4,0,2,1,0,0,0,1,0,0,0
1,0,0,2,1,0,2,2,1,1,1,0,1,0,0,0,0,0,0,0
14,5,9,21,6,16,40,13,17,18,4,8,8,2,2,6,6,2,1,0
8,2,4,18,2,5,15,9,6,16,8,1,7,1,0,1,1,1,0,0
1,0,0,3,3,3,9,2,8,7,1,8,4,1,0,0,0,0,1,0
18,5,5,36,8,19,29,31,18,30,6,8,12,3,0,5,1,2,1,0
6,0,0,4,3,0,3,7,4,4,1,1,5,0,0,0,0,2,0,0
8,0,0,11,1,3,14,22,15,20,3,1,6,4,0,1,0,1,0,0
1,0,0,1,0,0,0,4,1,3,0,1,4,0,0,0,0,0,0,0
32,12,19,55,18,14,33,41,17,37,26,9,25,10,2,2,7,1,0,0
17,6,7,32,12,18,38,20,9,25,16,13,12,6,1,3,3,0,1,0
2,1,1,3,0,1,3,1,0,0,0,0,0,0,0,0,0,0,0,0
2,0,0,2,0,2,6,5,2,5,3,2,4,0,1,0,0,0,0,0
13,4,6,17,2,2,7,14,4,4,12,3,14,1,0,1,3,4,0,0
1,0,0,2,0,0,2,4,2,2,1,0,0,0,0,1,0,0,0,0
3,1,1,4,0,0,5,3,2,3,1,0,4,0,0,1,0,0,0,0
1,0,0,2,0,0,1,1,2,0,0,0,0,1,0,0,0,0,0,0
8,1,3,14,3,3,12,8,3,8,2,3,8,1,1,0,0,0,0,0
7,2,5,3,3,2,5,6,1,3,0,0,2,2,0,0,0,0,0,0
0,0,0,0,0,0,1,0,2,1,0,1,0,0,0,0,0,0,0,0
12,3,5,33,13,23,74,8,15,22,10,10,5,1,3,11,8,3,5,0
17,4,4,29,6,11,19,20,11,12,2,1,10,1,2,2,4,2,0,0
0,0,0,3,0,1,1,0,0,0,0,0,0,0,0,1,0,0,0,0
7,2,1,9,3,4,14,6,3,5,1,5,9,0,0,0,0,1,0,0
19,2,3,25,6,6,30,30,20,27,7,7,18,2,3,12,0,0,3,0
15,1,5,24,9,9,19,17,7,22,9,9,10,2,0,2,2,0,1,0
0,1,1,1,1,1,1,2,1,0,1,0,2,2,0,0,1,0,0,0
12,6,5,17,7,15,52,16,10,20,0,6,10,2,2,8,4,4,0,0
1,1,1,1,1,0,4,1,2,1,0,1,0,1,0,3,0,0,0,0
3,1,1,3,3,7,12,1,3,8,1,5,1,1,1,1,1,0,0,0
11,6,6,19,3,10,19,10,5,13,4,1,5,1,1,1,2,2,0,0
8,0,0,5,4,1,7,14,4,10,1,4,7,2,0,0,0,0,0,0
5,6,4,11,6,6,18,12,9,14,4,5,10,4,0,1,0,0,0,0
14,7,7,19,7,11,19,10,7,8,0,3,4,1,0,3,0,1,0,0
12,1,2,9,3,2,15,20,5,12,2,1,14,2,0,1,0,0,1,0
2,0,0,9,0,1,11,0,3,3,0,2,0,0,1,0,1,0,0,0
2,0,0,2,0,0,4,5,2,4,0,1,2,0,0,2,0,0,0,0
7,7,10,10,8,5,15,3,5,6,0,5,2,3,0,0,5,0,1,0
3,2,2,8,1,3,9,2,3,4,2,0,3,0,0,0,1,0,0,0
6,1,2,24,1,13,38,21,13,23,0,5,8,1,2,0,1,2,1,0
7,2,2,9,0,2,7,6,1,2,0,0,3,0,0,2,2,1,0,0
0,0,0,0,0,1,1,0,1,1,0,1,0,0,0,0,0,0,0,0
1,1,3,14,2,5,18,5,3,5,1,2,2,0,0,2,0,0,0,0
2,0,0,1,1,0,3,2,1,1,1,1,0,0,0,1,0,1,0,0
0,1,0,2,0,4,10,1,2,3,0,2,0,0,1,2,0,0,0,0
1,0,0,4,1,1,2,3,2,5,1,0,2,1,1,2,0,0,0,0
3,2,2,2,3,0,1,5,1,3,0,1,3,4,0,1,0,0,0,0
10,3,3,15,3,2,15,9,6,7,2,1,8,3,1,1,1,1,1,0
1,3,1,3,1,5,19,3,3,9,2,2,1,2,1,4,0,0,1,0
3,1,0,4,0,2,4,2,1,1,0,0,3,0,0,0,0,1,0,0
1,0,0,4,1,4,8,0,2,1,1,1,0,0,1,0,1,0,0,0
1,0,0,5,0,4,11,1,2,3,0,0,3,0,0,1,0,0,0,0
12,4,4,18,4,7,13,11,11,14,3,5,7,7,1,1,0,1,1,0
1,0,0,1,1,1,4,1,1,1,0,1,1,0,0,0,0,0,0,0
1,1,0,1,1,2,1,1,0,1,0,0,1,0,0,0,0,0,0,0
17,1,5,49,16,17,66,26,17,32,14,13,16,5,20,5,5,2,0,0
0,0,0,2,0,2,3,1,0,0,1,0,0,0,0,0,0,0,0,0
9,5,6,24,5,14,38,11,6,19,12,5,4,5,2,2,3,0,1,0
16,6,4,31,6,5,36,24,20,26,10,7,13,1,4,4,4,2,0,0
4,3,4,16,2,4,5,5,5,3,0,1,3,0,0,1,4,1,0,0
2,0,0,3,0,1,8,6,9,6,1,1,1,2,0,1,0,0,0,0
11,4,5,22,5,17,30,19,14,19,2,4,10,2,1,4,5,1,1,0
10,4,3,16,5,7,17,11,4,10,5,2,8,1,1,1,2,0,1,0
7,1,1,16,3,12,13,8,3,10,1,3,4,1,0,0,0,0,0,0
22,6,7,31,10,14,11,26,9,12,2,2,9,3,1,0,1,1,0,0
0,0,0,2,0,0,0,0,0,0,0,0,0,0,0,0,0,0,0,0
2,0,1,4,0,1,2,1,0,0,1,0,0,0,0,1,0,0,0,0
0,0,0,0,0,0,1,1,1,0,0,0,0,1,0,0,0,0,0,0
1,0,0,9,0,4,14,3,2,4,1,1,3,0,0,1,2,1,0,0
8,1,2,11,3,3,6,9,3,8,4,4,6,3,0,0,1,0,1,0
6,3,1,4,2,4,15,9,6,12,2,3,8,0,1,0,2,0,0,0
7,4,4,6,4,7,3,7,1,3,1,1,6,1,0,1,4,0,0,0
23,4,7,27,12,18,24,17,7,11,0,5,14,2,1,3,2,1,0,0
1,0,0,2,1,0,3,2,1,1,1,0,0,0,0,1,0,1,0,0
9,7,10,16,6,12,16,3,3,2,0,0,2,0,0,1,7,0,0,0
1,0,2,8,0,3,8,2,1,3,1,0,1,0,1,0,0,0,0,0
1,1,0,13,2,4,17,2,8,10,4,2,5,0,0,1,0,2,0,0
2,0,0,7,2,5,6,5,2,4,0,1,4,0,1,3,0,0,0,0
7,3,3,11,1,1,12,18,2,6,1,2,11,5,0,1,0,1,0,0
4,2,1,8,2,2,4,8,5,7,0,0,5,1,0,0,0,0,0,0
10,7,6,19,11,14,37,9,5,26,23,6,14,1,1,3,6,0,0,0
3,1,1,11,2,11,13,10,10,14,3,2,7,5,0,1,0,0,0,0
1,0,0,2,0,1,3,3,2,3,1,1,1,0,0,0,0,1,0,0
8,0,0,9,0,3,10,11,5,8,1,1,4,1,0,1,2,0,0,0
2,1,1,7,3,9,10,1,0,1,0,2,1,0,0,1,3,0,1,0
7,1,1,9,1,1,15,24,12,21,4,5,6,1,1,2,0,0,0,0
4,1,1,1,1,1,2,5,1,5,1,0,5,0,0,0,0,0,0,0
7,8,9,9,4,7,12,4,5,6,0,2,3,1,0,0,2,0,2,0
19,6,4,52,10,26,77,45,39,34,6,12,15,2,4,8,6,4,2,0
1,0,0,3,0,4,8,3,1,7,1,4,0,0,0,1,0,0,0,0
10,2,4,10,5,8,14,10,4,6,1,1,5,2,0,0,0,1,0,0
3,2,3,6,3,3,5,4,0,4,3,2,3,0,0,0,1,1,0,0
4,0,1,18,3,14,35,5,11,9,1,4,1,2,0,3,0,1,4,0
7,2,2,13,3,5,11,7,5,5,1,1,2,2,0,0,0,1,0,0
5,1,0,10,4,1,7,10,6,8,5,3,6,2,0,1,2,1,0,0
8,2,2,22,2,11,33,20,17,27,11,8,8,0,0,7,2,7,1,0
1,0,0,15,3,7,24,1,8,9,2,6,4,0,2,1,0,0,0,0
1,2,2,7,3,4,4,0,0,2,0,0,1,1,0,0,2,0,0,0
0,0,0,1,0,0,1,4,2,3,1,0,0,0,0,0,0,0,0,0
18,8,8,12,6,4,19,22,10,17,1,3,13,6,4,3,3,2,0,0
2,1,1,5,5,5,8,2,1,3,1,0,0,1,0,0,0,0,0,0
8,3,2,6,4,4,5,5,1,2,0,1,6,5,3,0,0,0,0,0
14,2,2,17,8,9,22,20,11,20,4,7,2,2,0,3,1,2,0,0
4,3,2,5,2,2,16,4,3,8,3,3,6,2,2,1,0,1,0,0
1,0,0,4,1,2,9,5,6,6,0,2,5,1,0,0,0,1,0,0
9,1,2,14,4,9,29,15,10,8,1,3,10,6,3,4,4,0,1,0
0,0,0,0,0,0,0,1,1,1,0,0,0,0,0,0,0,0,0,0
5,2,3,12,3,14,30,15,11,16,2,4,7,2,0,7,0,0,1,0
8,3,3,10,2,2,9,11,7,5,1,0,3,4,1,3,0,0,0,0
3,3,3,8,4,5,11,6,4,11,0,3,5,1,3,2,2,0,0,0
14,4,6,22,8,6,39,15,13,23,7,12,8,1,2,6,4,3,2,0
4,0,0,11,2,7,11,5,6,10,2,5,5,1,0,0,0,0,0,0
0,0,0,3,0,2,5,2,2,4,3,0,1,0,0,1,0,0,0,0
4,1,1,5,1,2,9,5,3,3,0,2,3,2,0,0,0,0,0,0
1,1,3,7,3,3,6,0,1,1,0,1,2,0,2,2,0,0,0,0
10,7,7,18,7,11,27,11,8,15,4,5,7,3,0,2,4,3,1,0
14,5,6,28,3,15,39,24,15,27,4,4,10,2,3,4,3,0,0,0
13,6,4,34,10,13,26,12,3,15,6,5,14,6,1,1,2,0,0,0
0,0,0,0,0,0,2,0,0,0,1,0,0,0,1,0,0,0,0,0
11,2,2,11,4,2,5,8,5,7,0,2,5,2,0,0,0,0,0,0
13,3,7,16,7,10,23,13,11,7,1,2,5,1,2,4,4,0,0,0
11,5,7,26,5,15,44,19,7,15,2,3,9,2,2,4,6,1,0,0
4,2,0,7,3,5,25,5,5,6,0,5,7,1,1,3,2,1,0,0
7,3,1,7,5,3,20,12,9,19,3,10,4,2,0,5,0,0,0,0
6,6,8,7,4,2,2,4,0,3,0,1,2,1,0,1,2,0,0,0
12,2,2,23,9,14,40,19,15,20,4,7,6,3,0,3,4,3,1,0
5,0,0,6,2,2,13,5,3,6,0,1,3,0,2,3,1,0,0,0
25,6,13,41,15,16,45,31,14,28,16,16,13,5,1,2,6,6,2,0
15,4,4,17,5,16,20,22,2,12,1,2,7,7,1,6,3,2,0,0
0,0,0,0,0,0,0,1,1,1,0,1,0,0,0,0,0,0,1,0
0,0,0,0,0,0,0,1,0,0,0,0,1,0,0,0,0,0,0,0
7,3,4,5,5,3,9,6,4,7,1,2,6,5,0,1,0,1,0,0
2,0,0,1,0,0,1,4,2,1,0,0,1,0,0,0,0,0,0,0
7,3,3,9,3,1,14,14,7,14,5,2,6,2,1,3,1,2,1,0
2,1,0,5,2,5,5,3,1,0,1,0,1,1,0,1,0,0,0,0
2,1,1,6,3,1,5,2,1,5,1,1,2,0,0,0,0,1,0,0
9,0,0,12,4,5,12,10,6,10,10,2,11,3,3,1,3,1,1,0
1,0,1,4,1,0,2,1,1,1,0,0,0,0,0,1,1,0,0,0
5,3,1,9,5,8,21,8,6,12,3,3,9,0,2,1,1,0,0,0
3,0,0,0,0,1,7,6,4,5,2,3,3,1,0,3,0,0,0,0
0,0,0,1,0,0,0,0,0,0,0,0,0,0,0,0,0,0,0,0
0,0,0,4,2,5,7,0,0,0,0,0,0,0,0,0,2,0,0,0
15,3,7,34,6,14,35,24,19,24,2,2,9,2,0,1,2,1,1,0
1,1,0,5,0,2,5,1,0,3,0,2,1,0,0,1,1,0,0,0
6,0,0,7,4,2,5,15,1,11,5,3,7,2,0,1,0,0,0,0
0,0,0,2,0,0,0,0,0,0,0,0,1,0,0,0,0,0,0,0
8,1,2,2,5,2,14,9,4,6,2,3,3,4,0,0,0,0,0,0
5,2,2,1,3,3,10,11,4,7,1,4,4,3,0,1,0,0,0,0
2,1,2,1,2,0,0,0,0,0,0,0,0,0,0,0,1,0,0,0
6,2,1,0,4,2,1,4,1,3,1,0,1,3,0,0,1,0,1,0
15,8,10,39,9,23,34,13,14,16,2,5,4,3,1,3,3,0,1,0
25,9,15,27,17,9,35,31,10,19,15,7,18,3,0,3,3,1,2,0
4,1,1,5,2,4,12,4,1,3,1,0,3,2,0,1,2,0,0,0
2,0,0,2,0,1,4,3,1,1,0,1,2,0,0,0,1,0,0,0
4,1,1,15,4,6,19,6,8,9,2,6,8,1,0,2,1,0,0,0
2,0,0,0,0,0,2,3,2,5,1,3,2,0,0,0,0,0,0,0
7,1,0,3,2,1,3,6,1,4,0,1,3,3,0,0,1,0,0,0
10,3,2,13,2,2,12,10,3,12,2,7,6,3,2,0,0,2,1,0
0,0,0,1,0,2,3,0,1,2,0,2,1,0,0,0,0,0,0,0
5,2,2,10,0,0,15,6,4,8,1,0,6,3,0,3,0,0,0,0
3,3,5,7,3,2,3,3,4,2,0,3,2,2,0,1,1,0,0,0
14,2,2,30,7,8,27,20,12,19,8,4,19,2,9,3,4,0,0,0
19,2,3,51,0,13,49,17,19,12,6,5,16,1,3,4,6,5,1,0
2,0,1,3,0,3,6,1,2,1,0,0,3,0,0,1,0,0,0,0
2,1,1,4,1,4,2,1,0,2,0,1,2,0,0,0,3,0,0,0
13,2,3,15,9,3,10,14,5,6,2,1,8,4,0,1,0,0,0,0
5,1,2,6,5,1,10,11,5,8,3,3,7,1,0,0,1,0,0,0
9,2,2,5,1,3,3,7,2,9,1,2,5,1,0,0,1,0,0,0
2,0,2,2,2,1,1,1,1,0,0,0,1,0,0,0,0,0,0,0
12,6,7,13,10,5,13,9,3,5,2,1,9,3,0,3,3,0,0,0
7,2,1,8,2,3,10,11,5,9,0,0,5,0,0,1,0,2,0,0
14,9,5,8,4,2,10,21,4,11,4,0,19,4,0,2,0,0,0,0
4,0,0,6,2,4,8,5,4,6,2,2,3,1,0,2,0,1,0,0
1,0,0,3,0,1,10,12,10,16,2,6,4,2,0,0,0,0,1,0
11,0,2,7,3,4,11,9,2,10,4,5,12,1,0,0,1,1,0,0
0,0,0,1,0,0,2,0,2,1,0,0,0,0,0,0,0,0,0,0
6,2,1,3,1,0,13,10,3,11,0,4,9,2,1,1,0,0,0,0
3,4,5,39,4,26,37,4,5,7,0,5,3,0,0,2,4,0,0,0
1,0,0,5,0,2,15,9,11,14,2,5,2,2,0,1,0,1,1,0
3,3,3,15,4,7,23,10,11,14,1,3,5,1,1,0,2,0,0,0
3,1,0,6,0,2,7,6,2,2,0,0,3,2,0,1,1,0,0,0
0,0,0,0,0,1,3,2,1,2,0,0,1,0,0,0,0,0,0,0
2,0,0,0,0,1,3,1,0,0,0,0,1,0,0,0,0,1,0,0
0,0,0,1,0,0,1,2,1,0,0,0,1,1,0,0,0,1,0,0
0,0,0,0,0,0,0,1,1,0,0,0,0,0,0,0,0,0,0,0
1,1,1,2,2,0,0,0,0,0,0,0,0,0,0,0,2,0,0,0
23,9,14,57,17,26,43,31,26,28,8,13,14,8,3,7,8,6,1,0
9,2,1,14,2,10,33,16,14,13,5,3,12,4,0,1,4,0,2,0
19,10,14,30,11,11,15,12,4,13,6,4,3,3,0,0,3,0,0,0
14,3,3,19,4,3,21,22,9,22,13,4,14,7,2,4,1,0,0,0
1,0,0,0,1,0,2,2,1,0,0,0,1,0,0,0,0,0,0,0
11,8,7,25,8,11,37,13,13,15,7,5,11,1,3,6,1,0,2,0
9,4,4,17,6,4,13,14,8,14,3,3,2,4,0,2,0,0,0,0
0,0,0,2,2,2,4,0,2,2,0,0,0,0,0,0,0,0,0,0
9,4,3,21,5,3,20,20,13,20,7,3,10,5,0,2,1,1,0,0
5,1,2,9,2,0,6,7,3,11,2,4,6,0,0,0,1,1,0,0
2,0,2,3,0,2,0,2,0,1,2,0,1,0,0,0,0,0,0,0
1,0,0,2,0,2,4,3,5,4,0,2,1,1,0,0,0,0,0,0
15,6,8,32,15,31,60,15,6,17,8,6,8,7,2,4,3,0,0,0
17,3,3,16,2,7,21,19,3,13,1,2,16,1,0,3,1,2,1,0
40,18,26,104,24,42,107,71,30,63,26,16,36,7,4,7,9,4,0,0
5,5,5,13,6,8,10,10,9,6,1,3,3,0,0,1,2,0,1,0
0,0,0,0,0,0,2,0,0,0,0,0,0,0,0,1,0,0,0,0
0,0,1,1,2,1,3,0,0,1,0,1,0,0,1,0,0,0,0,0
6,1,1,1,1,0,4,5,0,5,1,0,2,2,1,0,1,1,1,0
4,3,3,7,3,4,10,9,7,9,3,3,6,2,1,1,1,1,3,0
4,0,1,2,3,4,9,5,4,6,0,5,6,4,0,0,0,0,0,0
24,6,11,39,15,14,39,30,11,35,13,8,19,5,1,5,4,0,1,0
7,2,3,3,0,0,5,9,1,5,1,0,6,3,0,0,0,0,0,0
4,1,2,14,7,18,25,4,8,9,2,1,4,0,1,3,3,0,0,0
8,2,3,16,8,8,36,10,9,11,1,6,1,2,0,4,1,1,2,0
7,1,4,16,3,6,16,9,5,5,0,1,4,0,1,1,0,1,0,0
3,1,1,2,4,1,1,3,3,0,0,0,0,2,0,0,1,0,0,0
8,2,2,16,8,5,8,11,5,10,3,1,4,3,0,1,3,0,0,0
2,0,0,4,1,2,12,4,3,5,0,2,2,1,0,4,0,0,0,0
1,0,0,8,0,8,23,0,5,3,0,3,1,0,1,1,0,0,0,0
0,0,0,3,1,3,1,0,0,0,0,0,0,0,0,0,0,0,0,0
17,7,5,29,5,20,49,28,18,31,7,11,13,2,0,1,3,1,2,0
8,1,2,13,4,7,22,15,16,20,1,10,3,0,2,3,1,1,2,0
1,1,0,1,0,0,1,3,1,3,0,0,2,0,0,0,0,0,0,0
3,0,1,6,1,1,5,3,1,1,0,0,0,2,0,1,0,0,0,0
5,1,2,14,2,2,25,10,10,11,0,1,1,0,1,4,0,0,0,0
12,1,2,16,6,9,33,16,9,16,2,4,3,3,2,5,0,2,2,0
1,0,0,0,1,0,0,0,0,0,0,0,0,0,0,0,0,0,0,0
11,3,6,31,7,20,50,9,9,13,0,3,4,2,3,2,5,1,0,0
4,0,1,1,3,1,6,3,2,7,3,2,3,0,0,0,0,0,1,0
8,3,2,1,1,1,7,10,1,6,4,3,8,2,2,3,0,0,0,0
0,0,0,0,0,0,1,0,0,0,1,1,0,0,0,0,0,0,0,0
3,0,0,13,0,8,15,8,5,9,4,4,9,1,0,1,0,0,0,0
6,1,0,24,1,4,41,16,11,16,1,7,5,2,1,4,1,3,0,0
1,0,0,0,3,1,4,1,2,2,1,0,0,0,0,0,0,0,1,0
1,1,0,1,0,2,6,2,2,5,1,4,1,0,1,0,0,0,0,0
4,2,1,13,3,6,15,12,7,14,7,3,10,0,1,3,1,1,0,0
4,2,3,6,2,1,2,2,1,1,1,0,0,0,1,1,0,1,0,0
7,1,2,24,2,9,31,12,8,14,2,4,5,0,0,2,4,1,0,0
2,0,0,7,1,4,16,7,8,11,2,3,4,1,1,3,0,0,0,0
9,3,3,30,4,19,57,7,12,14,3,6,3,1,1,3,3,3,2,0
17,4,4,17,4,4,27,23,13,19,1,5,14,2,3,1,2,1,0,0
18,6,11,20,11,8,11,19,6,14,6,7,12,3,0,2,4,0,1,0
3,3,2,5,3,7,7,1,0,1,0,1,1,2,0,0,2,0,0,0
1,0,0,5,3,4,9,3,2,5,2,4,4,0,0,0,0,1,0,0
7,4,4,20,5,5,23,12,10,15,0,4,7,2,0,7,2,1,1,0
0,0,0,5,0,3,2,0,0,1,0,1,0,0,0,0,0,0,0,0
12,2,3,11,4,5,25,14,9,12,3,4,5,1,1,0,2,0,1,0
6,6,4,4,1,1,2,3,1,2,0,0,3,2,0,0,0,1,0,0
10,3,4,18,6,13,17,12,8,10,0,1,3,1,0,0,3,2,0,0
2,0,0,1,0,0,4,5,4,5,0,0,1,0,0,1,0,0,0,0
9,3,4,21,4,8,25,9,7,9,3,5,7,2,1,0,1,0,0,0
2,0,1,4,2,1,3,2,2,2,1,1,0,0,0,1,0,1,0,0
7,5,5,9,4,2,6,2,0,2,1,1,3,0,1,1,0,0,0,0
2,1,1,4,1,5,8,3,3,1,0,0,1,2,0,0,0,0,0,0
17,5,10,33,6,12,33,15,10,13,5,2,9,4,1,4,5,2,0,0
5,0,0,9,4,4,7,5,2,1,2,2,0,0,2,2,3,1,0,0
8,3,2,8,1,4,2,10,1,5,3,0,13,3,0,0,0,0,0,0
3,0,0,0,1,1,2,4,0,8,4,3,6,0,0,0,0,0,0,0
4,2,2,6,5,5,8,3,2,4,2,2,3,1,0,0,1,0,0,0
14,2,2,16,5,5,26,27,16,20,4,8,21,1,3,4,1,2,0,0
8,1,3,20,2,21,53,12,10,14,5,6,5,2,2,10,5,0,3,0
0,0,0,4,0,0,4,2,4,7,3,1,3,2,0,0,0,0,0,0
3,0,0,7,1,3,7,4,3,6,1,2,3,0,0,1,0,0,0,0
2,0,0,0,0,0,0,2,0,0,0,0,1,1,0,0,0,0,0,0
8,4,4,9,1,6,7,7,1,3,0,1,7,2,0,2,2,0,0,0
6,0,2,18,5,10,34,9,10,9,2,1,2,2,2,3,2,0,0,0
3,1,1,4,0,3,2,5,3,2,0,0,1,1,0,0,0,0,0,0
6,2,1,2,2,3,8,9,3,3,2,3,6,2,0,1,0,1,0,0
1,0,1,5,1,0,3,3,3,2,1,1,1,0,1,0,1,0,1,0
1,0,0,0,1,0,0,0,0,0,0,0,0,0,0,0,0,0,0,0
10,2,2,7,6,2,8,13,2,8,0,1,7,6,0,1,0,0,0,0
8,1,2,8,4,3,9,11,5,11,1,3,2,0,0,1,1,1,0,0
5,1,4,17,4,9,22,9,9,10,2,4,11,0,0,3,2,0,0,0
7,4,5,32,6,13,42,10,9,10,1,2,8,2,0,3,3,2,2,0
8,1,1,5,3,2,1,13,1,7,4,4,6,3,0,2,1,1,2,0
0,0,0,0,0,0,6,3,2,5,2,3,1,1,0,0,0,0,0,0
8,1,4,7,6,6,32,11,6,13,2,4,5,1,1,2,1,2,2,0
9,1,0,13,1,4,35,11,14,20,3,12,11,0,2,1,0,2,0,0
12,5,8,15,12,4,20,10,4,13,4,2,7,2,0,3,2,0,0,0
0,2,1,5,2,3,7,2,1,3,2,2,4,0,0,0,0,0,0,0
3,2,1,5,1,3,6,2,0,1,1,2,0,0,0,0,1,2,0,0
2,0,0,5,1,1,4,3,0,2,0,1,1,0,1,0,0,1,0,0
0,0,0,0,1,1,1,0,0,0,0,0,0,0,0,0,0,0,0,0
4,0,1,6,3,4,15,3,3,5,2,2,2,3,0,1,1,0,0,0
3,0,1,9,4,3,10,6,3,11,7,9,5,1,0,0,0,0,0,0
0,0,0,0,0,0,2,3,2,3,0,3,4,1,0,0,0,0,0,0
8,4,4,5,3,2,7,7,3,4,0,0,4,1,0,0,1,1,0,0
1,0,0,0,0,0,2,3,1,3,0,0,1,1,0,1,0,0,0,0
8,1,1,8,1,6,23,7,4,8,1,1,2,3,0,1,1,1,0,0
4,0,0,0,2,2,4,4,1,3,0,1,5,3,0,1,0,0,0,0
8,1,3,7,3,5,18,11,7,10,1,3,5,1,0,1,2,1,0,0
7,0,2,11,4,5,7,9,3,7,1,2,12,1,0,0,0,0,0,0
1,1,1,2,1,3,24,4,4,4,0,3,0,0,1,2,0,0,0,0
0,0,0,5,0,0,2,3,4,4,0,3,3,0,0,0,0,0,0,0
10,6,5,32,10,14,40,18,22,17,4,9,9,3,1,2,3,2,1,0
15,2,7,47,7,31,53,23,12,31,15,2,14,0,1,2,4,3,0,0
0,0,0,0,0,1,1,0,0,0,0,0,0,0,0,0,0,0,0,0
8,0,0,7,1,2,7,10,1,7,2,2,13,1,0,1,0,0,1,0
0,0,0,1,1,3,4,2,1,0,0,0,0,1,0,0,0,0,0,0
14,1,5,23,4,18,30,18,3,20,7,3,6,1,0,3,2,0,0,0
0,0,0,0,0,0,1,0,0,0,0,0,0,0,0,0,0,0,0,0
4,1,2,11,3,6,17,4,4,5,3,2,3,0,0,3,1,1,0,0
9,3,2,18,4,6,20,14,7,13,2,5,10,4,0,3,2,2,0,0
2,0,0,6,3,4,6,5,3,2,1,2,4,1,0,1,1,0,0,0
0,0,0,2,0,2,4,0,0,0,0,0,0,0,0,1,0,0,0,0
17,1,4,46,3,23,72,24,18,30,9,7,12,2,2,7,3,1,1,0
4,5,4,12,0,4,12,11,7,8,3,2,2,3,1,2,3,0,0,0
8,1,2,4,3,2,15,9,7,15,1,7,3,1,0,2,0,0,0,0
2,0,0,1,0,0,3,4,1,5,2,1,3,2,0,0,0,2,1,0
2,0,0,4,0,1,6,5,4,3,0,1,0,0,0,0,0,0,0,0
6,2,4,10,6,8,28,4,6,10,2,2,5,2,1,2,2,0,0,0
0,0,0,1,0,0,0,0,1,0,0,0,0,0,0,0,0,0,0,0
14,6,4,20,9,4,17,26,4,20,11,4,17,5,1,3,1,0,0,0
12,7,8,16,10,5,12,9,5,10,8,7,5,0,1,2,1,0,0,0
4,0,1,1,1,1,8,5,6,3,0,0,1,0,0,1,0,1,0,0
2,0,0,2,0,1,9,5,4,8,2,1,2,0,0,1,0,0,1,0
9,3,3,11,3,8,15,8,8,9,0,3,2,1,0,2,2,0,0,0
9,4,3,12,5,8,17,10,3,10,5,3,7,4,0,1,1,0,1,0
6,1,2,8,2,3,11,6,3,4,1,1,2,0,0,2,0,1,0,0
4,0,0,5,1,3,4,3,2,2,1,0,3,1,0,1,0,1,0,0
0,0,0,0,1,0,3,1,1,4,1,2,2,0,1,0,0,0,0,0
15,2,2,12,6,2,16,22,5,17,10,3,16,3,0,2,1,0,0,0
9,3,1,10,2,5,15,10,6,6,0,4,5,1,2,3,1,1,2,0
1,1,0,5,4,6,8,1,2,3,2,2,4,1,0,2,0,0,0,0
8,4,5,16,11,8,15,17,9,16,3,5,5,1,0,1,3,1,0,0
0,1,0,1,1,1,2,0,0,0,0,0,0,0,0,0,0,0,0,0
2,0,1,8,1,7,5,1,0,1,0,0,0,0,0,1,1,0,0,0
3,2,2,5,2,4,4,2,2,1,0,1,2,3,0,0,1,0,1,0
2,1,0,7,1,2,7,4,2,1,0,1,2,0,1,1,1,2,0,0
0,0,0,3,0,4,7,2,2,2,1,1,1,0,0,0,0,0,0,0
0,0,0,4,1,2,3,2,1,2,1,3,1,0,0,0,0,0,0,0
6,0,0,7,0,5,17,8,3,5,2,2,0,0,0,1,1,0,1,0
2,1,1,2,0,0,0,3,2,2,0,1,1,0,0,0,0,0,0,0
10,3,4,14,5,2,12,7,3,4,2,1,4,2,1,3,0,0,0,0
5,1,1,3,3,1,4,4,0,2,0,0,0,2,0,0,0,0,0,0
11,2,3,25,13,17,54,20,22,29,8,14,6,3,2,5,2,2,3,0
4,1,2,18,1,10,19,7,5,8,1,1,1,0,0,4,4,3,0,0
9,2,3,7,7,12,17,8,4,2,0,2,4,2,0,3,4,1,0,0
2,0,0,1,0,0,2,3,2,2,0,1,3,2,0,0,0,0,0,0
7,1,1,10,2,3,9,14,13,15,1,2,3,4,0,2,0,0,0,0
16,5,13,43,7,18,33,21,17,22,11,7,10,0,1,1,2,3,1,0
1,1,1,2,0,0,1,1,2,1,0,2,1,0,0,0,0,0,0,0
13,2,5,44,9,18,40,19,9,14,3,9,4,0,0,7,11,3,3,0
16,3,8,46,10,21,73,18,15,25,13,10,13,2,6,2,8,2,2,0
3,0,0,8,3,3,9,9,6,10,1,0,2,1,0,3,0,1,0,0
6,2,0,8,5,4,11,11,4,13,1,2,6,3,0,0,0,1,0,0
0,2,2,3,1,3,7,1,1,4,1,2,0,0,1,0,2,0,0,0
3,2,2,5,1,0,9,4,4,8,4,5,4,1,0,0,0,0,0,0
13,3,6,25,13,17,22,10,6,8,1,4,6,2,2,3,8,0,0,0
3,1,1,1,2,0,0,2,0,0,0,0,1,2,1,0,0,0,0,0
10,2,3,9,5,2,19,16,4,10,3,4,11,5,2,2,2,2,0,0
17,4,4,26,10,12,35,46,25,37,17,8,22,9,2,9,3,0,1,0
0,0,0,1,0,1,4,2,3,3,0,0,1,0,0,1,0,0,0,0
35,7,8,64,18,48,94,44,22,35,12,10,18,6,2,12,10,2,4,0
7,1,1,8,1,3,31,7,7,12,2,3,2,0,0,3,1,0,2,0
5,3,4,6,2,5,9,5,4,8,2,0,3,0,0,0,1,0,1,0
24,12,15,123,11,64,147,39,34,43,9,12,14,4,9,21,16,6,7,0
8,3,8,21,6,8,26,18,10,21,4,4,7,1,0,3,1,2,0,0
4,2,2,2,4,0,4,6,4,5,1,1,1,1,1,1,1,1,0,0
11,0,2,55,5,30,66,16,19,24,5,5,9,3,3,5,2,2,0,0
13,5,8,36,9,16,18,28,10,17,11,1,15,4,0,4,1,1,0,0
10,2,5,24,4,11,28,13,15,14,6,4,9,0,1,0,0,2,0,0
7,2,4,13,5,2,18,18,14,18,3,5,5,4,3,2,1,0,1,0
0,1,1,4,0,5,10,1,5,3,1,2,0,0,1,0,1,0,1,0
5,1,2,14,6,2,10,7,5,2,0,1,3,2,0,1,1,0,0,0
13,2,3,9,8,3,9,23,3,10,4,2,17,5,0,0,1,1,0,0
9,2,2,6,4,3,5,9,2,5,0,1,4,1,0,0,0,1,0,0
3,0,2,10,1,4,13,2,1,0,0,1,2,0,1,0,2,1,0,0
11,8,6,22,5,7,27,14,5,11,3,4,10,2,5,3,1,0,0,0
10,3,5,20,4,15,28,13,10,14,3,3,6,2,1,2,2,1,1,0
0,1,1,2,1,1,5,2,2,0,0,0,0,0,0,3,1,0,0,0
9,6,6,25,6,15,35,9,8,8,4,2,6,0,0,1,6,2,0,0
0,0,0,3,2,0,7,2,2,2,1,0,3,0,2,2,0,1,0,0
9,4,5,13,4,5,13,10,5,9,1,3,7,0,0,3,1,0,0,0
9,1,1,23,7,8,23,18,7,8,5,4,10,4,2,4,1,0,0,0
9,5,5,20,9,12,24,8,6,16,10,4,10,0,1,5,6,0,1,0
2,2,1,4,1,2,8,2,2,4,1,1,2,0,0,0,1,0,0,0
5,4,2,24,4,11,21,11,7,10,3,1,5,0,0,1,1,0,0,0
1,0,0,3,0,0,2,3,1,1,0,1,1,0,1,0,1,0,0,0
4,1,0,0,1,1,7,5,0,4,1,0,2,0,0,0,0,0,0,0
21,4,8,34,9,16,46,18,10,23,5,6,12,2,4,4,2,1,0,0
11,1,7,30,5,22,57,20,15,25,7,15,10,2,4,2,3,3,2,0
16,4,3,16,7,10,37,15,10,21,5,7,12,8,0,5,1,3,1,0
14,1,2,21,4,16,50,15,14,20,1,8,7,2,0,6,0,3,2,0
1,1,1,1,2,1,1,1,0,1,0,0,0,1,0,1,1,0,0,0
0,1,1,4,1,2,6,0,1,2,0,1,1,0,0,0,0,0,0,0
10,0,0,6,5,3,8,13,5,10,2,4,7,3,0,0,1,0,0,0
8,2,3,13,4,6,7,7,5,8,0,4,4,2,0,0,0,1,1,0
0,1,0,0,0,0,3,1,0,0,0,0,0,0,0,0,0,1,0,0
2,1,0,5,1,3,10,3,0,5,2,1,5,0,0,0,1,0,0,0
8,2,3,18,4,15,47,9,13,16,4,12,1,1,1,3,2,1,2,0
10,2,2,15,5,10,31,14,6,22,10,5,4,2,0,4,2,0,0,0
7,2,2,7,1,5,14,9,6,12,0,3,8,1,1,3,2,0,0,0
0,0,0,3,0,1,6,4,4,3,0,0,0,1,0,1,0,0,0,0
9,4,2,24,5,9,15,12,3,4,3,3,7,1,6,2,1,0,0,0
10,4,7,18,6,11,40,21,13,23,5,11,10,5,5,5,2,3,0,0
6,0,3,3,4,0,3,5,1,3,4,1,2,4,0,0,0,0,0,0
0,0,0,1,0,1,3,0,1,0,0,0,0,0,0,0,0,0,0,0
8,1,1,22,4,13,25,11,12,11,5,4,6,1,0,2,1,0,2,0
9,5,7,21,3,3,17,8,7,9,3,2,4,3,0,1,0,1,0,0
8,0,1,1,1,2,8,8,1,3,1,0,5,3,0,1,0,1,0,0
14,9,11,20,9,8,17,9,6,12,2,5,6,2,0,3,3,0,0,0
10,3,5,22,6,10,30,16,7,15,4,2,5,4,3,2,3,1,0,0
0,0,1,0,0,0,2,0,1,1,1,0,0,0,0,0,0,0,0,0
6,1,1,16,4,18,78,5,19,18,6,8,4,0,9,2,2,3,4,0
21,7,11,26,12,6,18,16,8,8,0,1,5,7,0,2,2,3,0,0
9,4,6,14,6,5,7,8,3,6,2,1,3,5,0,1,0,0,0,0
4,0,0,11,2,9,20,3,1,3,0,4,3,1,3,1,3,1,1,0
12,2,2,14,11,18,31,10,6,8,0,6,4,5,1,2,2,2,1,0
2,0,2,4,2,2,6,2,2,2,0,1,1,0,1,0,0,0,0,0
4,0,0,0,1,0,4,5,0,3,1,1,5,0,0,1,0,0,0,0
5,1,2,10,1,2,10,3,1,6,1,1,3,0,1,0,3,0,0,0
12,1,2,10,5,2,17,19,7,16,4,6,5,3,0,1,3,1,0,0
11,0,3,20,4,10,21,15,10,12,0,6,9,3,0,5,2,4,1,0
0,0,0,2,0,4,7,0,1,1,0,1,1,0,0,1,0,0,0,0
4,2,2,3,1,0,1,2,0,0,0,0,1,1,0,0,0,0,0,0
16,4,6,24,3,14,49,9,5,6,0,6,3,1,0,5,11,1,3,0
0,0,0,1,0,1,1,0,1,1,0,1,0,0,0,0,0,0,0,0
13,3,2,4,9,4,13,17,8,16,2,3,7,2,0,0,0,0,0,0
0,0,0,0,0,1,4,1,1,0,0,0,1,1,0,2,1,0,0,0
12,7,4,7,5,3,12,18,6,12,0,5,14,4,0,2,3,0,0,0
1,0,0,1,0,0,1,1,0,1,0,0,1,0,0,1,0,0,0,0
5,3,1,2,3,4,11,7,3,7,0,3,3,1,1,2,1,0,0,0
2,0,0,1,1,0,3,2,3,2,0,1,1,0,0,0,0,0,0,0
7,4,4,18,3,8,15,6,6,10,5,3,8,1,1,0,1,1,0,0
0,0,0,3,0,1,2,0,0,0,0,0,0,0,0,0,0,0,0,0
1,0,0,0,0,0,1,3,1,2,0,0,1,0,0,0,0,0,0,0
5,0,2,7,2,3,10,6,4,7,3,2,5,2,0,4,0,1,0,0
6,2,2,10,1,3,13,3,5,4,1,2,5,0,1,3,0,0,1,0
7,3,3,40,2,23,44,10,11,8,0,3,3,0,2,6,3,5,1,0
4,2,1,4,2,3,5,5,4,5,1,0,3,1,0,0,0,0,0,0
4,2,1,2,1,1,5,5,4,2,0,1,3,1,0,1,0,0,1,0
10,6,3,14,5,3,17,9,10,11,3,3,2,2,0,2,0,0,1,0
6,1,2,13,1,4,12,10,5,10,5,4,7,1,0,1,2,0,0,0
7,0,1,15,4,7,30,18,9,21,7,4,6,3,1,6,0,0,0,0
4,0,1,15,3,8,19,7,8,10,1,1,3,2,0,1,1,1,0,0
15,1,5,18,3,16,55,25,17,32,6,8,13,5,3,3,1,1,2,0
1,0,0,0,0,1,2,3,0,2,0,1,1,1,0,1,0,0,0,0
2,1,1,5,2,2,3,0,2,2,0,1,2,0,0,0,0,0,0,0
8,0,0,16,5,7,27,8,10,15,6,4,9,0,3,0,0,1,0,0
2,0,1,3,1,1,2,2,0,2,2,0,2,0,0,1,0,1,0,0
6,0,0,9,3,2,12,11,7,9,2,2,6,0,0,2,1,0,0,0
26,7,13,38,17,17,38,33,19,32,21,10,25,3,9,5,4,4,2,0
1,2,3,6,1,4,4,2,2,1,0,0,2,0,2,0,1,0,0,0
3,1,0,1,0,1,1,5,3,7,0,1,1,1,0,0,0,0,0,0
8,4,3,7,9,2,6,10,3,10,4,3,6,2,0,0,0,0,0,0
14,6,4,21,8,10,33,19,16,22,12,9,9,2,0,4,2,2,0,0
1,0,0,0,0,1,1,1,0,1,0,0,0,0,0,0,0,0,0,0
4,0,0,5,0,2,13,5,7,8,3,3,2,1,0,1,0,1,1,0
11,3,2,11,5,4,21,7,6,12,6,4,8,3,2,3,3,1,2,0
11,3,1,12,7,5,22,11,5,18,11,8,5,0,0,1,1,1,1,0
1,0,0,0,2,1,2,1,0,2,3,0,4,1,0,0,0,0,0,0
4,1,2,4,5,5,9,3,0,4,1,4,5,1,0,1,0,0,0,0
0,0,1,1,0,0,0,0,0,0,0,0,0,0,0,0,0,0,0,0
0,0,0,2,0,0,3,2,4,3,0,1,0,0,0,0,0,0,0,0
0,0,0,2,0,1,4,3,2,4,0,2,2,2,0,1,0,0,0,0
6,1,2,6,1,1,4,10,4,4,1,0,6,2,0,0,0,2,0,0
1,0,0,0,0,0,0,1,0,1,0,0,1,0,0,0,0,0,0,0
2,1,0,2,0,0,2,2,2,0,0,0,1,0,0,0,0,0,0,0
1,0,0,0,0,0,0,1,0,2,1,3,4,0,0,0,0,0,0,0
3,1,1,3,1,3,2,3,1,3,0,0,2,1,0,1,0,0,0,0
5,2,3,6,4,2,4,5,2,2,1,1,3,2,0,2,1,0,0,0
15,5,13,52,11,14,42,32,22,27,15,8,15,1,1,3,3,3,0,0
0,1,1,1,2,1,5,1,1,2,0,0,2,0,0,0,1,0,0,0
10,3,3,24,5,12,29,9,8,13,5,2,7,3,1,0,1,0,0,0
11,1,5,13,3,5,15,17,8,6,0,3,11,4,0,3,2,0,0,0
5,3,4,8,2,2,5,2,2,2,0,0,1,2,0,1,1,0,0,0
3,1,1,5,0,3,9,9,9,7,1,3,2,3,0,1,1,0,1,0
1,1,0,5,1,1,7,9,6,8,1,2,5,3,0,0,0,0,0,0
3,0,2,8,4,10,31,1,4,9,1,5,3,0,1,2,0,0,2,0
4,1,0,9,1,5,7,6,3,3,0,1,2,3,1,2,0,0,0,0
0,0,0,9,2,3,6,4,2,3,1,1,1,0,0,0,1,0,0,0
4,1,2,3,2,4,9,4,2,5,0,2,2,1,0,1,1,2,0,0
3,2,2,2,1,0,3,2,1,2,0,0,2,0,0,0,0,0,0,0
0,0,0,1,1,0,0,1,0,0,0,0,0,0,0,0,0,0,0,0
0,1,0,2,0,1,3,0,0,1,0,1,0,0,0,1,0,0,0,0
9,0,0,7,3,4,16,15,8,14,0,1,11,2,0,3,1,0,0,0
4,3,2,29,3,16,30,5,5,12,1,3,4,0,1,3,1,0,0,0
0,0,0,2,1,1,10,1,4,6,2,2,0,0,0,1,0,0,0,0
1,0,1,0,0,0,0,0,0,0,0,0,1,0,0,0,0,0,0,0
14,14,11,25,10,9,24,16,11,16,9,4,11,1,3,2,2,1,0,0
3,1,2,2,2,4,9,5,2,5,0,0,2,0,0,2,1,0,0,0
9,1,2,8,1,12,35,18,7,16,4,3,10,4,1,14,0,1,0,0
10,7,6,32,9,18,37,20,10,15,7,9,7,5,1,1,0,0,2,0
0,0,0,2,0,0,4,0,3,0,0,1,0,0,0,0,0,0,0,0
10,1,1,4,6,4,3,8,2,2,2,1,4,2,0,1,1,0,0,0
8,0,0,15,1,4,7,10,3,4,0,0,6,1,0,1,2,1,0,0
4,5,4,6,1,4,6,4,4,1,0,0,3,1,0,2,1,1,0,0
1,0,0,0,1,0,1,0,1,0,0,0,0,0,0,0,0,0,0,0
1,0,0,1,0,2,6,1,3,2,0,0,1,0,0,0,0,0,0,0
3,1,2,4,2,4,6,2,0,0,0,0,1,0,0,1,0,0,0,0
2,0,1,6,2,3,11,5,3,12,2,2,3,3,0,1,0,0,0,0
2,2,1,8,2,2,3,2,2,1,0,0,0,1,0,0,1,0,0,0
1,0,0,1,2,1,6,2,2,5,2,2,4,1,0,2,1,0,0,0
3,2,4,14,3,11,17,5,2,3,1,2,4,2,0,2,3,1,0,0
3,0,0,1,0,1,1,6,1,4,1,1,3,0,0,0,0,0,0,0
2,0,0,3,0,1,3,5,2,1,0,2,2,0,0,1,0,0,0,0
6,0,0,4,3,1,5,9,0,6,1,3,8,3,0,1,0,0,0,0
2,1,0,3,0,0,7,3,2,3,0,0,3,0,0,2,0,0,0,0
2,0,0,1,0,0,2,3,1,2,0,1,3,1,0,1,0,0,0,0
8,4,5,5,3,3,11,10,6,11,0,0,9,3,1,1,1,3,0,0
3,2,2,4,1,2,6,0,1,1,0,1,0,0,0,1,0,0,0,0
5,4,5,4,4,1,7,1,1,2,0,0,3,1,1,0,1,0,0,0
7,0,0,18,3,9,22,7,11,13,3,9,3,0,0,2,3,0,2,0
9,3,6,10,5,2,8,10,5,9,3,1,9,0,0,1,2,1,0,0
5,2,2,3,2,2,3,4,3,5,0,2,1,0,0,0,1,0,2,0
6,0,1,7,3,5,32,16,9,20,3,3,4,2,1,4,1,0,0,0
4,3,4,10,5,5,3,3,0,2,2,0,3,1,1,0,1,0,0,0
3,1,1,9,0,1,15,6,7,9,2,3,7,0,0,1,0,0,0,0
17,4,4,18,10,12,42,24,11,25,8,8,15,1,0,5,2,1,0,0
4,1,1,7,4,2,5,4,2,5,1,0,2,3,0,2,0,0,0,0
7,4,4,14,5,10,21,18,5,17,7,4,5,5,1,2,1,1,0,0
1,0,0,2,1,3,5,1,0,0,1,0,1,0,0,0,0,0,0,0
5,3,2,7,4,7,9,6,3,3,0,2,2,1,0,1,2,0,1,0
0,0,0,1,0,0,1,1,3,4,3,1,0,0,0,0,0,0,0,0
17,5,7,25,5,8,17,18,6,14,4,3,11,0,0,1,1,1,0,0
6,6,4,8,4,1,4,13,4,6,2,1,4,2,0,1,1,0,0,0
0,0,0,3,0,1,5,1,0,0,0,0,0,0,0,0,0,0,0,0
10,2,0,12,8,7,15,17,9,16,6,4,11,1,5,0,0,0,0,0
1,1,1,7,0,12,42,3,11,7,1,2,1,0,2,5,5,0,3,0
3,0,0,6,2,2,18,15,13,16,2,3,5,2,1,3,0,0,2,0
1,0,0,0,0,1,2,2,0,1,0,0,0,0,0,1,0,0,0,0
16,5,6,31,9,17,45,18,14,27,12,7,13,6,2,1,6,2,1,0
10,3,3,19,7,6,23,14,10,16,7,6,10,2,1,2,3,1,1,0
6,3,1,9,3,1,8,12,4,9,2,6,9,3,0,0,1,1,0,0
2,0,0,1,0,1,6,4,1,5,0,2,0,0,2,1,0,0,0,0
2,0,0,5,0,1,7,2,5,4,1,1,0,1,0,1,0,0,0,0
4,0,1,12,3,6,15,10,5,9,3,2,7,0,0,0,0,0,0,0
8,2,4,50,11,24,78,21,22,34,5,13,9,3,3,4,2,1,0,0
8,1,2,6,1,3,9,10,1,3,1,0,1,0,1,5,0,0,0,0
11,1,2,8,4,9,18,10,6,10,1,2,6,3,0,0,3,0,0,0
2,0,0,13,4,6,13,11,7,6,1,3,5,1,0,2,1,0,0,0
4,1,0,4,1,2,5,7,3,10,12,3,8,0,1,0,0,0,1,0
4,4,3,5,2,6,19,8,6,12,4,5,8,2,1,1,1,0,0,0
6,1,1,2,3,0,4,4,1,3,2,0,3,0,0,0,0,0,0,0
4,1,0,14,3,4,25,3,10,8,3,3,4,0,2,3,0,0,0,0
14,6,8,7,6,0,8,12,2,6,1,1,5,6,0,2,1,0,0,0
9,1,0,5,3,4,8,7,3,3,0,0,2,5,1,2,2,1,0,0
1,1,0,1,1,1,2,1,1,0,1,0,0,1,0,0,0,0,0,0
0,0,0,1,0,0,0,2,2,2,1,0,1,0,0,0,0,0,0,0
4,0,1,6,4,3,5,4,1,1,0,0,1,1,0,1,1,0,1,0
2,0,0,0,1,0,2,5,1,3,1,1,3,2,0,0,0,0,0,0
0,0,0,3,0,1,6,4,4,2,3,0,1,0,0,1,0,0,0,0
10,2,5,25,6,10,21,11,8,14,9,3,9,0,6,0,2,0,0,0
12,5,4,19,5,9,20,16,5,12,8,5,11,4,1,0,1,1,1,0
8,4,7,14,5,3,9,7,3,8,0,2,6,0,1,3,1,0,1,0
7,1,0,10,2,4,8,15,4,10,11,1,9,1,1,3,0,0,0,0
4,1,0,3,4,2,8,8,5,9,2,3,4,1,0,0,0,0,1,0
14,6,9,19,10,7,18,14,2,7,2,1,8,0,1,2,1,0,0,0
1,0,0,2,0,1,6,2,4,3,0,0,0,0,0,2,0,0,0,0
2,1,1,6,3,2,5,2,2,2,0,0,0,0,0,1,0,1,0,0
1,0,0,3,1,2,6,2,2,2,0,0,0,0,1,2,0,0,0,0
7,4,4,6,2,1,6,4,1,4,4,2,5,1,0,0,0,0,0,0
1,1,0,3,1,0,7,1,3,6,2,3,1,0,0,0,0,0,1,0
2,1,1,2,1,0,3,1,1,1,0,0,0,1,0,1,0,0,0,0
0,0,0,3,0,0,3,2,1,2,1,1,0,0,0,0,0,0,0,0
0,0,0,1,1,0,2,2,1,2,1,1,0,0,0,1,0,0,0,0
10,3,3,9,4,2,16,16,12,12,0,0,6,2,0,2,1,0,0,0
2,0,1,3,2,3,9,1,2,2,1,0,2,0,0,2,1,0,0,0
2,0,0,6,4,2,8,3,1,6,2,2,1,1,0,1,0,1,0,0
9,3,3,4,4,2,6,7,3,3,0,1,1,2,0,1,0,2,0,0
4,1,0,4,3,0,14,6,7,9,3,3,7,1,0,1,0,0,2,0
24,5,7,39,12,8,42,33,20,32,3,8,16,3,4,2,3,1,1,0
22,3,5,37,8,18,57,28,22,41,27,12,12,2,0,10,4,2,1,0
14,7,8,24,5,6,15,11,6,8,1,0,6,3,6,1,2,0,0,0
15,5,2,18,8,8,12,23,7,13,7,5,11,2,0,4,0,1,0,0
10,3,5,13,11,12,19,6,1,13,10,4,5,3,0,2,3,0,0,0
1,0,0,0,0,0,1,1,0,1,0,0,1,0,0,2,0,0,0,0
10,6,8,25,9,5,23,10,11,14,7,6,13,2,0,1,2,1,0,0
5,3,4,2,3,3,3,2,0,2,0,1,4,1,0,1,1,0,0,0
19,6,10,24,7,11,42,28,22,34,5,6,12,1,1,7,6,7,1,0
1,1,1,0,0,1,0,0,0,0,0,0,1,0,0,0,0,0,0,0
7,2,2,13,6,11,20,7,6,9,4,6,13,3,0,1,0,1,0,0
1,1,1,1,0,1,3,0,0,0,0,0,1,0,0,0,0,0,0,0
9,4,3,25,6,21,44,15,8,15,3,5,9,3,3,6,5,1,3,0
3,1,1,4,0,0,8,5,3,6,3,0,6,0,1,1,1,0,0,0
20,6,8,47,12,31,79,27,16,23,7,11,11,4,0,2,4,6,0,0
7,0,1,10,5,4,16,7,5,7,1,3,4,2,3,2,0,0,0,0
2,0,0,3,0,2,9,2,1,2,0,1,0,0,2,2,1,0,0,0
9,3,6,21,6,8,27,13,13,13,3,6,6,2,0,1,1,0,1,0
1,0,2,2,1,5,6,1,0,2,1,0,3,0,0,0,0,0,0,0
28,5,4,53,13,52,129,34,30,43,34,19,22,3,14,11,7,5,4,0
4,1,1,33,0,22,41,9,10,11,3,3,1,1,3,3,2,1,3,0
8,2,2,7,4,3,11,7,2,7,3,2,7,2,1,2,1,1,0,0
2,0,0,6,0,5,37,3,8,7,3,3,2,0,0,4,0,3,3,0
21,4,4,21,11,6,24,43,16,29,11,5,23,7,1,4,1,2,1,0
12,1,3,16,6,11,22,15,8,6,1,5,10,5,0,0,1,0,0,0
17,5,13,31,11,14,22,20,5,8,2,1,10,5,0,2,3,0,0,0
2,0,0,3,0,0,5,2,2,3,0,0,2,0,0,0,0,1,0,0
0,0,0,1,0,1,1,1,2,3,0,1,1,0,0,0,0,0,0,0
2,0,1,16,3,11,84,12,28,57,13,23,12,0,17,3,2,1,2,0
5,2,0,4,0,2,10,7,2,5,1,0,3,3,0,4,0,0,1,0
10,1,3,29,5,4,28,20,13,28,5,11,10,1,1,4,1,0,0,0
2,0,0,5,0,1,6,4,5,3,0,2,2,1,0,2,0,0,1,0
6,5,3,16,8,7,18,17,11,22,6,3,11,3,1,2,1,0,1,0
3,0,1,3,1,2,9,5,4,4,1,2,2,0,0,2,0,1,0,0
3,1,1,8,3,7,6,4,2,4,0,0,1,1,0,0,1,3,0,0
1,0,0,0,1,0,1,2,0,0,0,0,0,0,0,1,0,0,0,0
0,0,0,3,2,3,8,2,4,3,0,1,0,0,0,1,0,0,0,0
20,7,11,51,7,25,47,27,13,24,6,6,13,5,6,2,7,1,1,0
6,3,2,21,3,13,12,7,5,7,1,4,5,4,1,1,1,0,0,0
4,0,0,3,0,0,6,5,0,3,0,0,2,1,0,4,0,0,0,0
4,0,0,7,1,1,4,1,0,0,1,1,1,0,0,0,0,1,1,0
6,1,1,13,3,12,14,7,5,7,3,2,3,2,1,1,2,0,1,0
9,4,6,19,9,13,22,12,8,10,6,7,6,2,0,2,3,1,0,0
11,3,4,13,7,5,15,13,11,14,11,3,11,2,1,2,2,0,0,0
7,2,3,7,3,1,7,10,5,10,6,4,6,1,0,1,0,0,0,0
15,3,5,12,5,8,24,13,6,12,2,7,15,2,2,2,2,1,2,0
2,0,0,0,1,0,4,2,2,5,3,3,0,0,0,0,0,0,0,0
4,1,1,3,1,1,7,9,6,8,1,0,7,1,0,1,1,0,0,0
1,0,0,0,0,2,5,3,2,2,0,0,1,1,2,0,0,0,0,0
3,5,3,11,2,3,6,6,3,5,2,2,6,2,0,0,3,0,0,0
0,0,0,5,1,2,10,0,2,2,1,2,1,0,0,0,0,0,1,0
3,0,1,7,4,7,18,3,2,5,4,4,5,2,0,0,0,0,2,0
6,1,1,10,4,9,14,5,4,12,1,6,3,1,0,0,1,0,2,0
6,3,2,9,3,6,26,12,15,9,1,5,4,2,1,1,1,0,1,0
14,1,5,31,7,6,20,12,13,11,9,5,7,0,4,5,2,1,0,0
5,4,3,8,5,5,16,2,4,4,0,1,5,2,0,1,0,0,0,0
2,1,0,3,3,2,2,2,2,2,1,0,1,1,0,0,1,0,0,0
2,0,0,11,0,1,6,4,3,3,1,2,0,0,0,0,1,0,1,0
2,0,0,5,2,2,7,2,3,3,0,2,1,0,0,0,0,0,0,0
0,1,1,3,0,1,0,0,0,0,0,0,1,0,0,0,0,1,0,0
5,0,0,7,0,0,10,9,8,12,1,4,3,0,3,3,1,0,0,0
9,0,0,12,6,8,30,12,11,22,2,10,5,0,1,1,1,0,3,0
1,0,0,1,1,2,5,1,1,5,6,1,1,1,0,1,0,0,0,0
1,1,1,7,0,2,7,2,2,1,1,0,0,0,0,1,0,0,0,0
10,2,3,23,3,7,27,15,20,22,7,6,4,2,0,0,1,0,2,0
15,6,8,49,7,18,44,2,7,5,1,5,9,0,5,0,6,1,0,0
4,0,1,12,3,3,12,7,3,6,0,4,5,2,1,0,1,0,0,0
0,0,0,0,0,1,1,1,0,1,0,0,1,0,0,0,0,0,0,0
2,2,2,9,1,3,16,1,3,6,2,2,1,1,1,3,1,0,0,0
10,7,9,17,6,4,11,8,5,4,3,2,6,2,0,0,3,1,0,0
14,4,5,14,6,8,26,18,9,16,2,5,13,3,0,2,2,1,0,0
6,0,1,21,4,11,36,15,8,24,8,7,9,0,1,3,2,0,0,0
5,3,3,6,2,0,3,5,1,2,1,0,3,2,0,0,0,0,0,0
11,1,1,14,4,6,14,21,5,15,7,4,12,3,1,0,2,0,0,0
1,1,1,4,1,3,2,0,0,1,0,2,1,0,0,0,0,0,0,0
2,1,1,1,3,0,5,2,0,1,0,0,0,0,0,0,0,0,0,0
1,2,4,6,1,3,6,3,2,6,2,0,1,1,0,0,0,0,0,0
11,4,4,20,5,8,14,8,4,7,1,1,6,2,0,4,3,3,0,0
12,2,3,17,6,15,35,19,13,19,1,6,16,4,4,6,2,1,4,0
5,0,0,12,1,8,31,10,8,17,3,6,5,0,1,3,0,2,1,0
5,4,4,9,2,6,3,5,3,3,0,0,2,1,0,0,2,0,0,0
2,0,0,4,0,2,3,3,1,2,0,1,1,1,0,0,0,0,0,0
2,1,1,2,0,0,7,5,4,4,1,1,1,0,1,1,0,1,0,0
7,0,0,6,1,4,14,9,1,10,1,4,6,2,2,1,2,0,0,0
5,2,0,12,3,9,19,9,5,10,3,5,6,1,1,1,0,0,1,0
18,8,5,25,12,6,31,37,17,22,3,5,21,7,1,3,3,1,1,0
2,0,1,2,1,3,4,0,0,0,0,0,0,0,0,0,2,0,0,0
2,1,2,4,2,1,2,1,0,0,0,0,1,0,0,0,0,0,0,0
2,0,0,3,1,2,4,3,1,4,3,1,2,0,0,0,0,0,0,0
1,0,0,2,0,1,6,4,2,4,0,1,3,0,1,0,0,0,0,0
17,6,7,28,8,10,33,12,10,9,2,5,7,3,2,5,4,1,1,0
5,0,0,5,3,2,14,9,7,3,0,2,2,2,2,3,0,1,1,0
0,1,0,2,1,0,3,0,0,1,0,0,0,0,2,1,0,0,0,0
1,1,1,1,1,1,3,0,0,0,0,0,1,0,0,0,1,0,0,0
8,4,6,13,6,5,8,8,5,7,0,1,2,2,0,1,0,0,0,0
0,0,0,1,0,0,0,0,0,0,0,0,0,0,0,0,1,0,0,0
2,0,0,4,0,3,4,2,1,2,0,1,3,0,0,1,0,0,0,0
9,2,2,8,5,1,9,10,5,7,1,3,8,2,0,1,1,0,0,0
0,0,0,1,0,0,1,0,0,0,0,0,0,0,0,0,0,0,0,0
2,0,1,8,3,9,13,0,1,11,14,5,2,0,0,0,0,0,0,0
6,0,0,16,5,9,23,11,4,11,5,3,5,3,1,3,1,0,0,0
15,10,8,30,4,5,35,17,17,19,6,7,11,2,2,4,6,1,1,0
0,0,0,2,1,1,1,0,1,1,0,0,0,0,0,0,0,0,0,0
3,2,2,4,1,5,2,1,0,1,0,0,0,0,0,0,2,0,0,0
3,1,0,8,3,4,8,5,3,2,0,1,2,3,2,0,0,0,0,0
26,8,13,76,13,29,90,50,32,54,27,17,24,5,7,9,10,6,3,0
4,1,1,7,2,5,10,9,6,6,2,3,5,1,0,1,0,1,0,0
0,0,0,0,0,0,0,1,0,1,0,0,1,0,0,0,0,0,0,0
2,0,0,1,1,2,6,2,1,2,0,2,2,1,0,0,0,0,0,0
54,9,21,181,18,80,221,56,59,73,24,22,33,3,20,20,17,28,10,0
2,0,0,5,0,4,12,4,3,9,2,3,3,1,0,1,1,0,0,0
17,5,10,21,10,7,26,17,9,9,1,1,10,1,0,2,0,0,1,0
2,0,1,8,2,5,7,2,2,4,2,1,2,0,2,0,1,1,0,0
11,3,5,14,6,8,10,12,2,8,2,2,8,3,2,0,2,1,0,0
14,1,5,10,3,3,23,20,13,20,4,3,11,2,0,5,1,1,0,0
10,1,1,24,9,21,32,8,3,9,5,4,5,2,2,2,5,0,0,0
10,4,4,3,5,2,10,12,2,5,1,4,10,4,0,2,0,1,0,0
6,1,1,4,1,3,6,9,4,4,0,0,4,1,0,1,1,0,0,0
2,1,1,0,0,0,2,1,2,1,1,0,2,0,0,0,0,0,0,0
5,1,1,5,1,6,9,4,1,1,0,0,5,0,0,0,0,0,0,0
5,1,1,9,6,10,21,4,3,6,1,3,3,0,0,1,0,0,0,0
5,1,1,11,1,7,16,5,7,13,9,2,3,1,1,1,2,0,0,0
4,0,0,11,2,3,8,6,4,3,1,0,3,0,0,0,0,0,0,0
7,1,1,4,3,1,4,4,1,3,0,0,2,3,1,2,1,0,0,0
6,0,0,9,0,10,14,11,3,14,4,1,12,1,1,3,0,1,0,0
19,1,3,8,6,10,14,13,7,9,11,6,12,4,0,1,2,2,1,0
1,1,1,2,1,2,7,2,3,2,0,0,0,0,0,3,1,1,0,0
2,0,0,9,2,6,18,1,5,4,1,3,3,0,3,1,0,0,0,0
6,2,2,2,5,2,5,1,1,3,0,1,3,1,0,0,2,0,0,0
4,1,0,8,3,0,7,4,3,3,0,1,4,1,0,0,1,0,0,0
0,0,0,5,2,2,8,0,1,2,1,1,0,0,0,0,0,0,0,0
16,2,3,20,8,17,38,19,8,12,0,4,8,4,0,4,4,3,0,0
0,0,0,4,1,0,3,1,3,1,0,1,0,0,0,1,0,0,0,0
6,2,3,3,1,3,12,7,2,13,8,6,5,0,0,0,0,0,0,0
3,1,1,9,3,8,13,5,1,4,1,1,1,0,0,1,1,0,0,0
0,0,0,1,0,1,2,1,0,0,0,0,0,0,0,0,0,0,0,0
12,2,2,23,4,7,32,26,13,25,3,3,15,7,1,2,1,1,0,0
5,0,0,5,3,5,9,7,3,8,0,3,3,1,1,2,1,0,0,0
13,5,6,17,3,3,9,19,7,11,3,1,8,3,0,2,2,0,0,0
1,1,0,2,1,2,11,3,5,7,2,4,3,0,0,1,0,0,0,0
3,1,1,9,2,5,10,5,2,4,0,2,4,0,0,1,2,0,1,0
7,2,2,4,5,2,5,8,5,4,2,1,0,1,0,0,0,0,1,0
13,1,5,32,8,8,20,25,9,19,6,1,9,3,1,4,3,2,1,0
25,7,7,27,7,15,44,20,5,15,6,4,9,4,1,5,3,0,1,0
22,3,7,39,10,17,78,26,16,27,8,14,16,5,10,12,2,0,0,0
5,2,2,20,4,12,13,8,4,8,2,2,4,0,2,1,2,0,0,0
3,0,0,8,1,5,13,8,6,8,1,4,3,0,0,2,0,0,0,0
4,0,2,11,1,3,8,10,7,8,1,3,5,1,0,1,0,1,0,0
2,0,0,17,2,6,23,15,9,9,4,3,3,1,0,1,1,0,1,0
9,7,5,15,8,2,6,7,5,3,0,2,4,1,0,0,2,0,0,0
0,0,0,0,0,0,0,2,1,2,0,0,1,0,0,0,0,0,0,0
0,0,0,2,1,0,2,1,1,1,1,0,0,0,1,0,0,1,1,0
1,0,0,4,0,3,6,1,2,3,0,0,1,0,1,0,0,0,1,0
3,2,1,22,3,9,23,4,11,10,10,3,5,1,2,2,3,0,2,0
3,0,0,5,2,7,9,1,2,1,0,0,1,1,1,0,1,0,0,0
6,0,0,5,1,3,8,5,2,3,0,1,2,0,0,0,0,1,1,0
0,0,0,1,0,0,0,0,0,0,0,0,0,0,0,0,0,1,0,0
7,0,2,5,3,3,2,4,0,2,0,1,3,2,0,0,2,0,0,0
11,6,5,9,10,5,19,14,9,19,11,7,10,5,0,0,4,1,0,0
4,1,1,4,2,1,8,6,4,11,5,4,0,0,0,1,0,0,0,0
2,0,1,6,0,2,13,2,5,8,0,3,4,1,2,0,0,0,0,0
1,0,1,3,2,4,8,1,4,2,0,0,0,0,1,1,0,0,2,0
1,0,0,8,1,1,2,4,5,3,0,2,0,0,1,0,0,0,1,0
7,0,0,6,2,4,15,10,5,4,1,1,2,0,2,2,0,2,0,0
2,2,0,2,0,0,0,4,0,2,0,1,2,2,0,0,1,0,0,0
8,0,3,8,4,5,18,18,8,11,1,6,7,3,0,2,0,1,0,0
19,5,6,30,9,7,23,32,10,24,19,4,28,2,2,5,0,1,1,0
6,0,0,11,4,5,18,10,6,9,3,1,3,0,1,4,0,3,0,0
2,0,0,9,4,8,17,2,5,9,7,4,4,0,1,0,0,0,1,0
2,0,0,2,1,0,1,3,1,2,1,0,2,0,0,0,0,0,0,0
6,5,7,24,6,10,21,15,6,17,10,2,8,1,0,1,1,0,0,0
5,0,0,3,2,0,6,7,3,9,3,1,7,3,0,0,0,0,1,0
1,0,1,3,1,1,3,4,3,2,1,0,2,0,0,0,0,0,0,0
3,5,4,7,4,1,7,4,1,3,0,0,3,1,0,0,1,0,0,0
16,8,3,29,8,10,29,29,12,15,3,5,13,1,1,5,1,4,0,0
5,1,2,19,2,9,29,8,7,13,8,2,5,2,2,4,2,1,0,0
18,9,10,40,5,18,41,37,16,37,15,9,24,3,1,6,1,1,0,0
1,1,1,1,1,0,0,1,1,0,0,0,0,0,0,0,0,0,0,0
1,0,0,0,1,3,4,2,1,3,0,2,0,0,0,0,0,0,0,0
14,8,6,28,6,14,24,19,5,12,8,7,13,2,0,3,3,2,1,0
2,1,1,1,1,0,2,1,0,0,0,0,2,0,0,0,1,0,0,0
3,3,2,5,3,6,9,3,5,5,0,2,4,0,0,0,0,0,2,0
6,1,0,5,3,2,7,9,3,6,1,3,13,1,1,1,0,0,1,0
5,1,2,1,2,0,4,10,1,7,5,2,9,3,1,0,1,0,0,0
5,1,0,10,1,3,10,6,3,5,1,2,4,0,0,0,0,0,0,0
13,3,3,22,7,9,37,10,10,13,7,6,8,0,9,3,1,2,2,0
7,0,1,17,8,13,32,10,11,13,0,2,1,2,0,3,2,0,0,0
11,3,1,27,9,11,49,28,14,26,16,9,16,3,0,5,0,1,2,0
3,3,3,4,5,4,7,2,2,1,0,1,2,1,0,1,1,0,1,0
0,1,1,1,1,1,3,0,1,4,0,0,1,0,0,0,1,0,0,0
3,1,2,3,2,1,4,5,1,1,1,1,2,0,0,1,0,0,1,0
16,7,8,27,8,11,22,21,7,18,1,4,12,6,0,3,7,3,0,0
4,2,1,1,0,2,15,7,4,10,2,7,5,0,0,0,0,1,0,0
0,0,0,0,0,1,1,1,0,0,0,0,1,0,0,0,0,0,0,0
3,2,2,6,2,1,5,5,1,5,2,1,3,2,0,0,1,0,0,0
13,4,5,15,11,6,22,11,5,13,6,7,13,5,2,4,0,1,0,0
1,1,1,2,1,2,0,2,0,1,0,0,3,0,0,0,1,0,0,0
12,5,10,15,12,7,23,10,6,13,13,5,12,5,3,1,1,0,0,0
6,0,1,14,4,12,43,7,6,16,4,4,8,1,3,4,1,0,2,0
8,1,1,12,0,8,20,4,5,6,0,0,3,1,0,2,1,2,0,0
8,3,2,13,5,3,16,15,11,12,9,5,9,2,1,1,1,0,1,0
6,2,3,8,4,5,12,6,3,10,1,2,7,5,0,1,1,1,0,0
4,1,1,14,3,7,22,10,7,9,2,2,3,0,4,5,1,1,2,0
9,1,2,2,2,1,8,6,1,3,0,0,5,1,0,1,1,0,0,0
26,11,8,36,15,16,45,38,19,35,11,12,22,5,3,5,4,2,1,0
1,0,0,1,0,0,3,2,3,2,0,0,0,0,0,0,0,0,0,0
7,4,2,2,3,0,6,6,2,2,0,1,4,2,0,0,0,0,0,0
2,0,0,4,2,1,7,3,6,4,0,3,0,1,4,0,0,0,1,0
5,2,2,10,2,4,10,8,6,8,1,2,5,0,0,4,1,0,0,0
12,7,6,27,6,14,15,8,2,4,6,1,4,5,1,0,3,0,0,0
4,3,3,4,3,5,13,4,3,9,5,4,4,0,0,0,3,0,0,0
7,1,1,6,1,3,7,6,2,5,1,1,3,0,0,1,0,1,0,0
13,4,5,25,5,11,38,20,13,14,1,9,6,0,1,3,3,5,2,0
3,2,4,10,2,3,12,5,4,6,2,2,3,2,0,1,1,0,0,0
11,2,3,9,3,4,11,18,3,20,5,3,10,2,0,5,1,0,0,0
12,4,4,9,4,4,13,7,4,10,3,3,9,1,1,0,1,0,0,0
5,1,1,28,5,20,49,12,12,14,1,6,2,0,2,10,5,5,2,0
4,0,1,11,2,6,14,8,6,6,0,2,4,0,5,2,0,2,0,0
0,0,0,0,0,0,0,1,0,1,0,0,0,0,0,0,0,0,0,0
2,0,0,1,2,0,3,3,3,5,1,2,1,1,0,0,0,0,0,0
11,5,5,18,10,14,22,2,2,5,1,3,5,1,4,2,0,0,0,0
13,6,4,14,5,2,17,24,13,14,6,4,13,4,2,5,0,0,0,0
0,0,0,0,0,0,1,1,1,1,0,1,1,1,0,0,0,0,0,0
8,2,3,24,7,9,19,11,7,11,12,1,8,2,0,0,2,0,0,0
8,3,3,10,3,2,12,23,13,28,13,9,9,1,0,1,0,1,0,0
1,0,0,4,0,3,7,2,5,3,1,2,1,1,0,0,0,0,0,0
8,1,1,7,3,4,8,11,2,7,0,2,8,1,0,0,1,1,0,0
1,2,0,9,2,2,28,1,9,8,0,4,4,0,4,4,0,0,1,0
16,10,12,33,10,7,30,22,16,20,6,7,8,3,1,5,4,1,1,0
2,0,0,7,0,8,15,2,6,7,2,0,0,0,0,1,0,0,2,0
1,0,0,1,0,0,1,3,2,1,0,0,1,2,0,0,0,0,0,0
4,0,1,18,4,5,15,6,5,7,1,2,3,0,1,1,1,1,0,0
5,2,0,5,2,1,11,5,5,6,0,3,6,0,0,0,1,0,1,0
8,6,3,11,2,1,17,7,7,4,1,1,3,3,3,6,1,3,0,0
5,1,3,9,2,3,19,19,13,13,2,3,3,1,0,3,1,0,0,0
0,0,0,1,2,1,7,1,2,4,1,2,0,0,1,1,0,0,0,0
4,0,0,9,3,3,6,10,5,11,4,3,5,1,0,0,0,1,0,0
2,1,2,6,3,2,11,4,3,2,0,3,3,2,2,0,0,0,0,0
14,3,7,25,3,7,32,20,13,23,7,7,10,4,2,2,1,1,0,0
4,2,4,3,4,2,5,2,2,2,0,1,1,3,0,0,2,1,0,0
6,3,3,18,2,9,20,5,7,7,3,2,5,1,1,1,2,0,0,0
8,3,4,15,6,6,8,8,5,7,3,2,3,2,0,0,1,0,1,0
4,0,1,10,2,9,30,7,9,11,2,4,5,3,4,1,1,0,0,0
1,1,1,5,2,8,6,1,0,0,0,0,0,1,0,1,2,0,0,0
9,6,7,15,6,11,24,9,6,12,4,9,6,1,0,2,3,1,0,0
0,0,0,0,0,0,0,0,0,0,0,0,0,0,1,0,0,0,0,0
6,0,0,4,3,5,10,17,4,8,3,0,11,2,1,1,2,0,0,0
7,1,1,2,1,1,2,5,2,4,0,0,4,3,0,0,0,0,0,0
6,1,1,10,3,0,11,7,7,8,0,1,4,3,0,3,0,0,0,0
16,6,2,12,7,5,18,16,4,6,1,2,14,4,0,1,1,0,2,0
4,0,0,6,1,4,9,11,7,7,1,2,4,0,0,1,0,2,1,0
4,0,1,13,7,9,31,8,8,14,15,7,5,2,0,3,2,1,0,0
3,3,2,9,2,9,32,3,4,8,3,1,1,1,3,2,2,1,0,0
1,1,0,3,1,2,1,2,0,0,0,0,1,0,0,1,0,1,0,0
0,0,0,1,0,0,0,0,1,0,0,0,0,0,0,0,0,0,0,0
1,0,0,5,4,4,26,6,12,21,16,7,2,0,1,1,0,3,1,0
7,3,1,11,5,5,8,14,3,7,1,1,6,0,0,0,0,2,0,0
5,0,0,6,1,2,9,14,6,17,7,5,8,2,0,4,0,1,0,0
8,2,4,17,4,9,16,9,5,12,4,6,5,2,0,1,1,1,0,0
8,2,3,8,2,2,6,9,3,7,1,1,3,4,1,1,1,0,0,0
18,0,0,10,3,9,56,31,21,41,6,10,10,3,2,16,0,10,2,0
5,2,3,13,2,3,12,10,9,12,3,3,6,2,1,1,0,0,1,0
1,0,0,2,2,2,2,1,1,1,0,0,1,0,0,0,0,0,0,0
13,7,6,20,10,12,32,20,15,15,4,6,11,1,0,2,2,2,2,0
12,3,2,23,8,6,13,19,9,16,6,2,13,3,0,1,2,2,0,0
17,2,6,39,8,16,57,25,17,22,11,8,8,0,3,11,4,2,5,0
2,2,1,4,2,5,6,2,0,2,0,0,2,0,0,0,5,0,1,0
1,0,1,1,1,0,1,1,0,0,0,0,0,0,0,0,0,0,0,0
12,1,7,30,5,13,38,27,15,22,13,6,14,2,0,4,1,4,3,0
8,2,1,13,4,3,13,13,7,8,1,3,7,0,0,3,0,1,0,0
3,0,1,2,1,0,5,5,3,2,1,1,4,1,0,0,0,0,0,0
22,8,18,68,12,43,56,30,16,33,6,12,20,2,0,1,8,1,2,0
11,2,2,12,5,6,23,16,8,12,6,5,12,1,2,2,2,1,1,0
1,1,1,2,1,1,3,1,2,4,0,0,1,0,0,0,1,0,0,0
2,1,0,3,0,1,7,1,2,0,0,0,0,0,1,2,0,0,0,0
4,1,1,3,0,2,4,2,2,3,0,1,2,0,0,0,0,0,0,0
15,7,12,28,6,17,25,16,1,12,5,5,12,2,1,0,2,1,0,0
3,0,0,5,0,3,8,7,7,4,0,1,5,0,1,0,0,1,0,0
6,0,1,15,6,17,39,7,10,12,3,5,8,0,1,4,1,0,0,0
2,0,0,2,3,2,0,2,0,3,0,0,2,3,0,0,1,0,0,0
12,2,4,23,5,10,24,26,9,18,8,3,10,2,2,2,3,1,0,0
2,0,0,3,2,4,3,2,0,0,0,1,1,0,0,0,1,0,0,0
8,4,4,15,5,13,18,12,2,10,6,1,3,1,2,1,2,0,0,0
2,0,0,3,1,3,8,2,2,1,0,0,0,0,0,1,0,0,0,0
3,2,2,4,0,2,5,3,2,5,1,1,2,2,1,0,1,0,0,0
2,0,0,3,0,3,5,2,2,5,0,1,1,1,3,1,0,1,0,0
15,4,4,15,4,6,17,17,7,13,5,3,9,4,0,1,4,0,0,0
14,1,7,28,5,11,32,17,11,19,7,2,10,1,2,4,5,1,0,0
0,0,0,0,0,0,2,1,2,2,0,1,1,1,0,0,0,0,1,0
14,1,3,27,6,11,41,26,17,29,5,9,13,2,3,5,2,1,0,0
2,0,2,7,1,5,4,5,2,3,1,0,0,0,0,1,0,0,0,0
9,12,9,18,7,6,18,16,7,17,19,5,12,4,0,1,7,0,0,0
1,1,0,6,0,3,3,3,1,2,1,0,1,0,0,0,2,0,0,0
4,0,0,12,3,4,7,2,8,5,2,1,1,0,0,1,0,0,0,0
1,0,0,2,0,1,3,0,0,1,0,1,1,0,0,0,0,0,0,0
23,4,7,17,7,5,26,31,10,16,2,0,8,2,0,5,3,2,0,0
0,0,1,2,0,0,1,1,0,0,1,0,1,0,0,0,1,0,0,0
1,0,0,0,1,1,2,0,0,0,0,0,0,0,0,0,0,0,0,0
8,1,1,11,1,4,11,10,3,11,6,0,13,3,1,1,0,1,0,0
4,2,1,6,0,4,22,12,9,16,4,10,7,1,1,5,0,1,1,0
4,1,0,1,2,0,2,7,1,5,3,0,6,2,0,0,0,0,0,0
0,0,0,0,0,0,0,0,1,1,0,0,0,0,0,0,0,0,0,0
0,0,0,0,0,0,3,0,0,1,0,0,0,0,0,1,1,0,0,0
23,11,13,45,15,26,54,21,14,28,13,11,19,13,3,6,9,8,4,0
0,0,0,1,1,2,2,0,0,4,1,0,4,0,0,0,0,0,0,0
0,0,0,0,0,0,2,2,0,2,0,0,0,0,0,0,0,0,0,0
10,1,1,37,6,14,59,24,26,27,5,8,7,1,1,4,1,4,0,0
1,0,0,0,0,0,1,1,0,1,0,0,0,0,0,0,0,0,0,0
7,2,2,7,4,3,14,4,3,6,0,4,2,1,0,1,0,0,0,0
10,0,0,4,1,2,17,17,5,9,2,1,4,1,0,10,1,2,0,0
4,1,1,2,2,2,7,5,2,3,0,3,2,0,1,1,0,0,0,0
4,3,0,10,2,8,8,6,2,4,0,1,7,1,1,1,0,1,0,0
0,0,0,1,1,1,3,1,3,4,0,3,1,0,0,0,0,0,0,0
3,5,3,7,5,4,7,2,1,4,2,0,2,2,0,1,1,0,0,0
10,3,4,14,4,3,20,8,7,8,1,3,3,0,1,1,2,1,0,0
2,1,1,3,1,3,2,2,0,1,0,0,0,0,0,1,0,0,0,0
4,4,4,4,3,1,2,1,0,0,0,0,1,1,0,0,1,0,0,0
4,0,0,0,0,1,4,6,3,4,0,0,2,2,0,1,0,0,0,0
8,0,0,5,2,1,11,13,4,10,2,6,8,3,0,2,0,0,0,0
10,1,1,9,2,2,19,10,3,11,1,2,4,0,0,6,2,4,1,0
6,5,5,15,3,6,7,4,1,2,0,0,0,1,1,1,3,0,0,0
0,0,0,1,0,0,0,0,0,0,0,0,0,0,0,0,0,0,0,0
17,4,5,21,8,4,13,26,14,20,1,5,10,5,0,1,0,0,0,0
3,0,0,1,1,0,1,5,0,2,1,1,5,1,0,0,0,0,0,0
3,1,1,8,4,3,11,6,5,6,3,2,7,2,2,2,0,0,1,0
4,2,2,1,1,2,4,2,1,1,1,2,3,2,0,0,0,0,0,0
6,2,2,10,3,4,10,3,3,2,1,2,4,1,0,1,1,0,1,0
6,1,1,7,2,7,15,14,8,15,1,3,6,1,1,5,0,0,1,0
2,1,1,23,3,18,24,4,6,5,2,2,1,0,1,4,2,0,0,0
10,1,0,5,2,1,17,14,8,16,3,5,8,4,2,3,0,2,2,0
1,1,1,4,2,1,2,3,2,1,0,0,0,0,0,0,0,0,0,0
7,2,2,6,1,3,8,13,4,10,4,0,7,1,1,1,0,2,0,0
19,6,4,10,11,8,12,22,4,11,0,1,11,7,1,2,2,0,1,0
4,1,0,3,3,2,1,7,3,3,0,1,6,1,0,0,0,0,0,0
2,2,2,6,2,1,3,3,1,3,2,0,4,4,0,0,1,0,0,0
0,0,0,2,0,5,8,1,1,2,1,1,1,0,1,1,0,0,0,0
1,0,0,2,1,0,0,1,0,0,0,0,0,0,0,0,0,0,0,0
4,1,0,6,1,2,5,7,3,4,1,2,3,1,0,1,0,0,0,0
3,1,1,4,1,2,6,3,0,3,0,0,2,1,0,0,0,0,0,0
6,2,2,15,2,4,21,8,10,11,3,4,7,3,4,1,1,0,0,0
20,10,14,33,19,14,33,18,8,9,2,4,15,9,7,8,4,3,0,0
0,0,0,1,0,1,3,1,3,1,1,0,0,0,0,0,0,0,0,0
8,4,4,4,3,1,3,7,1,1,1,0,7,5,1,0,0,0,0,0
16,2,3,18,6,6,14,13,3,9,5,4,7,3,1,1,1,2,0,0
1,1,1,3,1,2,0,1,1,2,0,0,0,0,0,0,1,0,0,0
4,0,0,2,4,0,7,10,2,7,3,2,10,1,1,2,0,0,0,0
2,0,0,8,3,2,7,5,2,3,1,2,1,1,0,1,1,0,1,0
10,5,3,9,2,7,9,9,4,10,3,3,6,2,2,1,1,0,0,0
6,2,2,7,2,0,6,6,5,5,1,2,5,1,0,0,1,0,0,0
8,4,4,15,4,4,2,5,2,0,1,2,4,4,1,0,1,0,0,0
4,0,0,3,1,8,12,4,5,8,0,3,5,1,0,1,1,0,1,0
2,1,2,7,3,3,7,1,3,4,1,2,2,2,0,0,1,0,0,0
18,2,5,39,10,15,57,33,13,32,15,10,17,2,3,13,5,2,0,0
11,5,1,11,5,4,15,15,7,16,4,7,8,2,1,1,0,0,1,0
2,1,0,6,4,10,17,1,2,6,2,4,3,1,1,1,0,0,1,0
1,0,0,0,0,0,1,2,1,2,0,1,1,0,0,0,0,0,0,0
23,6,11,44,14,22,42,19,12,34,15,14,14,3,1,2,4,2,1,0
6,3,1,9,6,4,10,5,3,5,3,2,3,3,0,0,1,0,0,0
0,1,0,5,1,2,6,5,5,6,0,1,2,0,0,1,0,0,1,0
5,1,0,12,3,14,18,12,6,10,3,4,6,1,0,4,1,2,0,0
1,0,0,1,0,1,4,2,1,3,0,1,1,0,0,2,0,0,0,0
14,3,3,29,7,18,57,16,16,22,11,6,13,1,7,7,6,3,4,0
2,0,0,0,0,1,0,5,0,4,0,0,4,3,0,0,0,0,0,0
6,2,1,6,1,2,8,11,9,12,1,5,6,5,2,0,0,0,1,0
17,2,3,27,11,13,34,26,15,23,5,5,17,5,0,2,1,0,0,0
1,1,0,0,0,0,1,5,2,5,2,1,3,0,0,0,0,0,0,0
0,0,0,0,0,0,2,1,0,3,1,2,3,0,0,0,0,0,0,0
0,0,0,2,0,3,7,1,5,5,3,4,1,0,0,0,0,0,0,0
6,2,3,5,2,1,8,4,3,3,2,3,4,1,1,0,2,0,1,0
6,4,3,7,0,7,8,13,2,6,1,1,6,2,0,3,1,0,0,0
1,0,0,2,0,0,2,1,1,1,0,0,1,1,0,0,0,0,0,0
3,2,2,6,1,0,9,4,4,3,1,2,2,0,0,0,1,0,1,0
4,2,4,25,5,11,28,5,4,9,8,4,5,1,3,0,4,1,0,0
0,0,0,2,0,2,4,2,2,3,0,3,1,1,0,0,0,0,0,0
5,1,1,4,1,4,8,3,3,6,0,2,5,0,0,2,0,0,0,0
3,0,0,9,0,7,15,5,2,2,0,0,0,1,0,2,0,1,0,0
10,2,2,26,4,12,31,15,15,24,6,7,5,1,1,3,1,0,0,0
2,0,0,6,0,2,12,3,11,10,1,4,3,0,2,1,0,0,1,0
16,7,10,66,13,27,48,34,15,29,5,7,18,2,3,3,8,1,0,0
2,1,1,3,0,0,2,0,1,0,0,0,0,0,1,0,0,0,0,0
9,0,5,12,5,4,10,15,7,7,1,1,5,1,0,2,0,0,0,0
10,2,3,24,7,15,39,14,11,9,5,5,13,4,2,2,5,1,0,0
20,7,6,28,9,12,23,23,17,28,7,4,7,5,0,4,5,0,0,0
3,1,1,13,2,6,10,2,2,3,0,1,1,0,3,0,0,0,1,0
9,6,7,11,2,1,3,8,2,5,2,1,7,1,0,0,1,0,0,0
1,1,1,0,0,2,1,2,1,1,0,0,2,0,0,0,0,0,0,0
8,5,8,33,3,21,41,8,9,11,0,2,7,5,2,1,8,1,0,0
7,2,2,7,3,5,4,11,4,6,1,4,4,0,0,2,1,1,0,0
5,3,3,3,2,1,3,5,2,3,0,1,3,1,0,1,0,1,0,0
0,0,0,4,1,1,1,0,2,1,0,1,2,0,0,0,0,0,0,0
2,0,0,3,3,2,8,6,2,11,3,4,6,3,0,1,0,0,0,0
1,0,1,0,2,0,6,0,4,4,1,1,1,0,0,0,1,0,0,0
0,0,0,0,0,0,2,0,0,2,1,2,1,0,0,0,0,0,0,0
3,3,3,5,4,0,7,4,6,3,1,2,2,1,1,1,0,0,0,0
3,2,2,1,1,0,6,1,4,3,0,3,1,1,0,0,0,0,1,0
7,2,4,9,4,6,8,3,3,2,1,0,2,0,0,1,1,0,0,0
2,0,1,4,2,2,5,2,1,2,0,0,2,1,0,0,0,0,0,0
0,0,0,5,1,3,3,1,1,1,1,0,1,0,0,0,1,1,0,0
1,0,0,2,1,4,9,2,4,5,0,2,1,0,0,0,0,0,0,0
2,0,0,0,0,0,1,3,0,1,0,0,3,0,0,1,0,0,1,0
7,3,3,4,1,2,2,6,3,3,1,0,6,3,0,1,1,0,0,0
3,0,0,6,0,1,4,6,3,4,1,1,4,1,0,1,1,0,0,0
17,7,5,27,10,9,14,14,9,15,1,9,10,4,0,1,7,2,1,0
2,2,2,9,0,7,14,2,3,5,1,4,2,0,0,0,1,0,1,0
2,0,0,0,1,0,2,2,1,1,0,0,1,0,0,1,0,0,0,0
12,2,4,20,3,20,50,17,10,24,4,9,9,4,1,5,1,1,1,0
19,9,17,50,13,46,76,21,21,23,2,6,12,3,1,7,9,0,0,0
23,5,4,23,7,7,20,29,13,33,12,6,15,3,0,0,3,4,1,0
1,0,5,7,1,2,3,1,1,2,1,2,0,0,0,0,1,0,0,0
7,1,1,13,2,3,4,6,2,1,0,0,4,2,0,0,0,0,0,0
1,0,0,0,0,0,1,0,0,0,0,0,0,0,0,0,0,0,0,0
12,6,5,14,5,9,32,19,17,26,3,4,6,1,1,4,3,2,1,0
2,1,1,0,0,1,0,1,0,1,0,0,2,0,0,0,0,0,0,0
2,0,0,2,0,2,4,4,1,4,0,2,2,0,0,0,0,2,0,0
1,0,1,6,2,3,4,1,0,2,2,1,2,1,0,0,0,0,0,0
8,3,5,7,7,5,8,14,6,11,1,2,7,2,0,1,3,0,1,0
9,0,4,25,5,6,23,13,13,18,9,6,8,2,4,1,1,1,0,0
0,0,0,2,0,0,1,2,2,2,0,0,0,0,0,0,1,0,0,0
0,0,0,1,0,0,1,3,2,1,0,0,1,1,0,0,0,0,0,0
7,2,1,6,2,1,2,8,3,6,0,2,5,2,0,1,1,0,0,0
1,0,0,7,2,7,12,3,5,7,2,5,1,0,0,0,1,0,0,0
3,1,1,0,1,1,1,4,0,1,1,0,5,3,0,0,0,0,0,0
15,3,5,38,6,22,62,24,16,30,5,7,8,5,1,3,5,1,0,0
3,1,1,2,2,1,7,3,0,1,1,0,2,0,0,1,0,0,0,0
3,3,1,4,1,1,3,4,1,3,0,1,5,1,0,1,0,0,0,0
0,0,0,0,0,0,2,1,2,2,0,1,0,0,0,0,0,0,0,0
5,4,3,4,1,6,24,4,1,4,2,2,3,1,1,2,1,0,0,0
0,0,0,3,0,1,5,0,2,3,0,0,2,0,0,0,0,0,0,0
2,0,0,2,0,0,5,2,4,6,0,1,0,0,0,2,0,1,0,0
3,1,0,1,1,1,8,4,5,2,2,1,2,0,1,2,1,0,1,0
7,1,1,30,5,24,66,9,10,16,2,8,3,0,2,2,3,3,0,0
2,1,1,4,2,4,3,3,1,3,0,1,1,0,0,0,1,0,0,0
7,2,4,8,5,7,20,7,5,7,1,5,5,0,2,3,3,1,0,0
0,0,1,0,0,3,4,2,0,0,0,0,0,0,0,1,0,0,0,0
3,1,0,8,3,9,16,2,0,0,0,0,1,1,1,1,0,1,0,0
0,0,0,5,1,0,3,0,1,1,0,0,0,0,1,1,0,0,0,0
0,0,0,1,0,1,9,2,3,10,3,5,4,1,0,0,0,0,0,0
3,1,0,1,1,0,3,5,3,4,0,1,1,2,0,1,0,0,2,0
10,4,5,21,5,12,23,9,3,7,1,1,7,2,0,0,6,0,0,0
7,3,2,7,1,0,5,10,2,6,1,1,8,1,1,2,0,0,0,0
1,1,0,4,1,2,5,3,3,3,0,2,1,1,0,1,0,0,2,0
10,4,6,30,4,10,23,15,11,10,1,2,5,2,5,4,3,1,0,0
13,4,1,27,12,7,29,23,9,29,20,11,16,3,0,4,0,0,1,0
4,2,2,6,2,1,12,5,8,6,2,2,3,1,1,1,0,0,0,0
4,0,0,13,1,7,26,4,9,12,0,3,0,0,1,4,0,1,0,0
3,1,1,8,1,0,6,1,2,0,0,0,0,0,0,1,0,0,0,0
24,11,10,61,7,23,74,42,25,34,10,10,17,7,19,8,6,2,0,0
6,2,4,37,4,28,31,6,6,8,3,5,3,0,1,7,6,1,1,0
8,1,1,5,1,4,20,18,9,12,1,2,6,2,0,1,0,0,0,0
1,0,0,0,0,0,4,1,0,4,0,2,2,0,0,1,0,0,0,0
8,2,1,8,3,7,22,8,3,9,1,5,6,1,1,2,2,0,0,0
5,1,1,8,5,8,15,4,6,8,1,5,2,0,0,0,0,0,1,0
9,3,3,21,5,16,23,7,4,6,0,3,2,1,6,4,4,3,0,0
0,1,1,1,1,1,3,1,0,0,0,0,0,0,0,2,1,0,0,0
4,4,3,8,2,5,8,7,5,7,0,3,4,1,1,0,0,0,0,0
19,7,4,17,7,7,39,31,11,15,1,4,20,3,1,7,1,2,0,0
12,5,5,27,7,24,57,16,20,26,3,6,5,3,1,4,3,1,2,0
8,2,3,19,7,5,14,22,10,13,4,3,7,0,2,0,1,1,0,0
1,0,0,4,0,1,3,4,2,2,1,1,1,0,0,1,0,0,0,0
2,0,0,2,0,3,3,4,1,0,0,0,0,0,0,1,0,1,0,0
5,3,3,5,2,1,6,9,5,7,2,3,8,1,0,0,2,0,1,0
1,0,1,1,0,2,6,1,2,1,0,0,1,0,0,1,0,0,0,0
13,3,2,14,4,12,24,11,6,8,2,3,5,2,0,3,1,0,0,0
2,2,4,9,2,3,7,8,2,5,0,1,6,0,0,1,1,0,0,0
0,0,0,0,0,0,2,0,1,0,0,0,0,0,0,0,0,0,0,0
8,3,1,14,1,6,19,15,8,12,4,0,9,0,0,0,1,1,0,0
2,0,0,5,0,4,9,3,4,4,1,3,1,0,0,1,0,0,0,0
17,4,8,34,13,30,47,27,19,33,8,11,15,4,1,2,1,0,2,0
1,0,0,7,1,3,11,5,5,6,1,1,7,1,2,1,1,0,0,0
6,3,2,12,4,7,6,11,4,9,0,1,5,3,0,2,1,0,0,0
3,2,3,6,4,1,5,2,2,1,0,1,0,0,1,1,0,0,1,0
12,6,8,33,10,10,42,16,9,25,14,7,7,1,4,5,3,3,0,0
4,2,3,8,3,4,4,5,3,2,1,0,2,1,0,0,2,0,0,0
2,1,1,5,0,3,4,0,1,4,1,0,1,0,0,0,0,0,0,0
17,3,6,44,5,21,48,28,14,26,4,6,17,3,2,5,4,3,1,0
8,1,3,7,3,4,12,10,5,6,0,2,4,4,0,2,0,0,0,0
2,1,2,6,2,2,7,6,2,5,4,2,2,1,0,2,0,1,0,0
27,9,13,72,23,26,68,43,27,47,21,17,17,5,9,8,9,6,0,0
1,1,2,0,2,2,2,2,2,3,0,1,1,0,2,1,0,0,0,0
2,1,1,11,1,8,19,8,4,3,1,3,4,0,2,2,1,1,0,0
11,5,4,19,4,4,8,9,6,8,0,2,4,2,1,0,0,0,0,0
5,1,1,15,2,15,13,8,1,1,0,0,2,0,0,1,2,0,0,0
1,2,2,6,1,4,4,1,0,1,1,0,1,1,0,0,2,0,0,0
1,0,0,1,0,0,1,2,1,1,0,1,0,0,0,1,0,0,0,0
3,1,0,4,3,4,9,4,4,4,1,1,1,0,0,2,0,0,0,0
2,1,3,6,1,0,2,2,1,1,0,0,2,1,0,0,0,0,0,0
16,7,8,25,11,8,16,19,5,13,1,2,6,8,1,3,1,2,0,0
1,1,1,2,1,2,3,1,1,1,0,0,1,0,0,0,0,0,0,0
13,1,2,11,3,4,17,23,8,11,4,3,9,1,0,2,0,1,0,0
3,1,1,4,1,5,7,2,2,0,1,0,0,0,0,2,1,0,0,0
7,1,4,10,6,7,11,9,3,7,6,3,4,2,0,2,0,1,0,0
3,1,1,1,2,1,0,4,1,2,0,0,3,2,0,1,1,0,0,0
3,1,3,1,1,1,7,4,3,4,2,2,2,1,0,1,1,0,0,0
19,12,7,31,14,5,37,25,10,29,12,6,24,3,3,2,0,1,0,0
29,10,11,71,17,45,108,33,29,45,12,22,17,4,11,9,13,1,0,0
7,4,3,9,5,5,16,4,4,6,4,2,3,1,2,1,2,1,1,0
0,0,0,2,0,1,3,2,3,1,0,0,0,0,0,0,0,0,0,0
9,5,7,24,6,8,20,8,8,11,1,1,4,2,9,0,4,0,0,0
17,2,4,36,7,13,33,21,12,16,5,4,13,2,2,6,2,1,0,0
10,1,3,11,6,1,9,8,3,4,2,0,3,1,1,1,0,0,0,0
14,5,5,18,2,10,25,23,8,18,4,7,16,2,1,5,1,1,1,0
11,3,3,22,5,10,30,12,5,14,3,4,7,0,0,2,6,1,3,0
19,0,5,42,8,22,80,32,30,38,4,16,9,0,9,19,1,9,8,0
5,2,2,8,1,3,11,6,5,6,1,2,5,0,0,3,0,0,0,0
3,1,1,1,0,0,0,3,0,0,0,0,2,0,0,0,0,0,0,0
6,3,2,9,1,6,16,13,8,10,0,2,3,2,0,2,1,0,0,0
1,0,0,2,0,2,7,1,1,1,0,0,0,0,1,0,0,0,0,0
3,1,1,4,0,2,7,4,4,4,0,1,3,0,0,1,0,1,0,0
8,2,2,7,5,1,3,7,2,10,9,1,5,3,0,0,1,0,0,0
7,2,2,13,3,10,16,9,12,11,2,2,5,0,1,1,1,0,0,0
7,0,2,11,2,6,14,8,2,7,1,0,9,0,3,2,1,1,0,0
5,2,1,2,4,2,7,9,3,4,1,1,6,5,0,2,2,0,0,0
12,4,3,27,6,8,42,13,16,12,2,6,5,0,3,3,0,1,1,0
11,3,2,14,5,4,21,16,8,15,4,1,8,1,2,3,3,2,0,0
7,2,1,11,1,8,20,16,11,13,2,5,7,1,0,3,1,0,0,0
5,5,5,6,4,5,16,6,4,6,2,4,2,2,1,5,3,0,0,0
25,3,5,44,12,19,41,44,26,38,11,12,14,4,1,3,3,3,1,0
2,0,2,5,2,0,4,1,3,4,2,0,1,0,0,0,1,0,0,0
2,1,2,4,1,2,6,0,1,1,0,1,2,2,0,0,0,0,0,0
15,10,12,20,6,9,15,7,1,5,1,1,10,4,0,1,5,0,0,0
3,2,1,5,2,2,6,2,0,1,0,0,2,1,0,2,0,0,0,0
0,0,0,3,0,2,3,1,0,0,0,0,1,0,0,0,0,0,0,0
2,0,0,3,1,2,6,4,3,3,0,2,3,1,0,0,0,0,0,0
7,0,0,8,6,5,13,10,3,11,3,5,10,2,0,1,0,0,0,0
0,0,0,3,1,4,8,1,0,3,2,1,1,0,0,0,0,0,0,0
1,0,0,1,0,2,8,3,3,3,0,1,1,0,3,1,0,0,1,0
1,0,0,1,0,1,0,1,0,0,0,0,0,0,0,0,0,0,0,0
8,1,2,8,4,6,30,17,10,21,3,4,9,2,2,4,0,4,1,0
3,0,0,2,1,0,4,3,2,3,1,1,2,0,0,0,0,1,0,0
12,9,9,20,5,10,26,5,8,5,0,3,4,1,2,3,3,3,0,0
4,0,1,5,4,3,5,6,4,4,1,0,3,1,0,2,0,3,0,0
19,6,8,29,11,16,39,29,12,28,5,7,18,7,5,4,7,1,1,0
0,0,0,1,0,0,0,0,0,0,0,0,0,0,0,0,0,0,0,0
1,0,0,0,2,2,4,2,1,1,0,0,1,1,0,0,0,1,0,0
2,1,2,11,1,9,13,2,2,5,2,2,2,2,1,0,1,0,0,0
4,2,0,0,2,3,11,3,2,5,0,1,2,0,0,2,0,0,0,0
9,4,3,17,3,15,32,7,7,8,1,2,5,3,1,5,2,1,1,0
11,3,5,35,5,13,50,14,15,20,3,4,8,1,2,2,1,3,1,0
0,0,0,0,0,0,2,0,0,2,1,1,0,0,0,0,0,0,0,0
4,0,0,8,0,6,18,3,9,6,2,4,0,0,0,1,1,3,1,0
19,1,2,21,6,4,29,22,8,14,5,5,14,0,3,8,0,0,0,0
10,1,4,17,10,14,13,9,3,4,0,1,3,1,0,4,2,0,0,0
13,1,3,23,10,16,48,16,15,17,7,6,11,2,11,3,3,3,6,0
8,6,3,19,5,7,18,9,8,11,4,6,4,0,3,0,2,2,2,0
0,0,0,0,0,0,1,0,0,1,0,1,1,0,0,0,0,0,0,0
1,0,0,4,0,2,5,1,3,0,0,1,1,0,0,1,0,0,0,0
3,1,0,2,1,2,6,5,0,6,2,2,3,2,0,0,1,1,0,0
2,0,0,0,0,0,1,2,1,1,0,0,1,1,0,0,0,0,0,0
3,0,0,1,0,0,2,6,3,7,2,3,3,1,0,0,0,0,0,0
7,1,1,3,1,2,6,7,2,3,1,1,5,3,0,2,1,0,0,0
20,1,2,41,6,9,29,21,16,18,2,3,12,5,0,1,1,2,0,0
8,2,0,23,5,24,52,14,12,15,2,7,5,3,0,5,3,1,2,0
0,0,0,1,0,1,2,0,0,0,0,0,0,0,0,1,0,0,0,0
2,1,0,3,2,2,9,3,2,5,2,4,3,0,0,0,0,0,0,0
19,5,2,39,6,20,63,21,20,35,8,5,10,1,11,7,6,3,5,0
2,0,1,9,2,3,6,3,0,2,2,0,3,0,0,0,0,1,0,0
13,2,3,33,6,10,40,24,18,23,4,4,9,3,8,2,5,0,0,0
7,1,1,18,2,10,17,13,6,15,4,3,9,2,0,0,1,1,0,0
0,0,0,0,0,1,2,1,1,1,0,0,0,0,0,0,0,0,0,0
5,1,1,6,6,1,3,3,2,1,0,2,3,1,0,0,1,0,0,0
3,1,1,6,2,3,13,5,8,6,0,1,1,2,1,1,2,0,0,0
1,0,0,4,0,0,1,0,1,1,0,0,0,0,0,0,0,0,0,0
13,2,3,22,4,14,34,15,14,23,4,10,13,4,0,1,1,1,1,0
3,0,0,15,2,21,40,8,13,11,2,4,4,0,8,0,2,0,1,0
25,6,10,33,11,9,47,33,14,27,8,6,13,0,1,4,0,1,0,0
3,3,3,8,1,4,11,7,6,4,1,3,4,4,0,1,0,0,0,0
1,0,0,0,0,0,0,1,0,1,0,0,1,0,0,0,0,0,0,0
0,0,0,0,0,0,3,0,2,1,1,1,0,0,0,1,0,0,1,0
0,0,0,1,0,0,4,3,1,4,1,1,2,0,0,0,0,0,0,0
15,5,1,33,8,9,26,28,14,13,5,2,15,2,0,3,4,1,1,0
0,0,0,1,0,0,3,1,2,1,0,0,0,0,0,0,0,1,0,0
1,0,0,2,3,2,4,2,3,3,2,3,1,0,1,0,0,0,1,0
17,7,6,46,11,26,56,15,9,15,1,5,13,1,1,2,4,1,1,0
10,1,3,17,9,9,18,9,6,15,4,5,7,1,1,3,2,1,0,0
20,4,8,34,12,16,38,32,14,17,8,7,13,6,0,6,2,6,1,0
16,3,2,14,8,6,16,15,9,15,1,3,8,4,0,0,1,1,0,0
10,5,5,17,7,6,20,10,8,14,2,4,6,8,4,1,5,0,0,0
14,5,7,21,9,6,23,21,6,11,5,1,13,2,4,2,2,2,0,0
9,1,1,13,3,2,14,12,6,8,2,3,2,0,0,4,1,3,1,0
3,2,1,3,1,3,2,5,1,3,0,0,3,1,0,0,1,1,0,0
3,0,0,4,1,2,4,6,2,3,0,0,2,0,0,2,0,0,0,0
23,2,9,50,13,34,95,33,23,39,16,10,19,7,10,5,4,1,1,0
0,0,0,1,1,2,1,1,0,0,0,0,0,0,0,0,1,0,0,0
16,7,5,32,9,13,33,18,12,23,13,9,4,1,2,4,3,5,2,0
8,0,0,4,5,4,10,10,2,9,4,3,5,0,0,0,0,0,0,0
6,5,3,17,4,7,11,4,3,5,0,1,3,0,1,3,1,0,0,0
13,0,1,12,2,9,18,17,8,12,4,3,9,4,0,0,0,0,0,0
3,0,0,0,0,0,1,3,1,2,0,0,2,0,0,0,0,0,0,0
4,0,0,1,2,0,2,4,0,1,0,0,1,1,0,1,0,0,0,0
22,9,10,28,8,13,30,34,16,29,12,14,15,3,1,2,4,1,0,0
2,0,0,2,0,1,5,2,1,4,0,3,3,0,0,0,0,0,0,0
1,2,2,4,0,2,3,1,1,0,0,0,1,1,0,1,0,0,0,0
1,1,1,4,1,1,1,1,2,1,0,0,0,0,0,0,0,0,0,0
4,1,1,5,0,1,3,2,2,1,0,0,4,0,0,2,0,0,0,0
0,0,0,0,0,1,1,0,0,0,0,0,0,0,0,0,0,0,0,0
3,1,1,2,0,0,0,4,1,2,0,0,3,1,0,0,0,0,0,0
10,0,0,6,3,1,6,9,3,5,0,0,6,1,2,1,1,1,0,0
5,1,0,4,4,1,6,7,2,4,0,3,8,0,0,0,0,1,0,0
3,1,0,5,2,3,8,5,5,6,3,2,5,3,1,0,0,0,0,0
0,0,0,1,0,0,0,1,1,1,0,0,0,0,0,0,0,0,0,0
0,0,0,2,1,1,4,1,2,1,0,1,1,0,0,2,2,0,1,0
16,4,9,26,5,7,22,20,16,20,2,3,10,2,0,2,1,0,0,0
16,9,5,16,11,5,25,24,2,17,8,5,16,3,0,2,1,1,0,0
4,1,1,13,1,2,11,9,6,7,0,1,3,0,0,2,1,0,1,0
7,3,2,10,1,9,11,8,2,5,0,2,5,0,0,0,1,1,0,0
1,1,1,5,2,3,3,2,3,3,1,1,1,1,1,0,2,0,0,0
1,0,0,6,0,2,7,5,4,5,0,2,0,0,0,1,0,0,1,0
2,0,0,2,1,1,6,6,6,8,0,0,0,1,0,1,1,0,0,0
2,1,0,1,2,0,1,2,1,1,0,0,1,0,0,0,0,0,0,0
6,1,2,15,7,7,18,6,6,9,1,4,4,2,1,0,1,0,0,0
13,7,5,15,8,6,11,16,9,14,2,5,7,3,3,1,2,0,0,0
10,1,7,32,8,18,34,19,6,19,8,6,14,3,0,1,4,1,0,0
5,0,2,8,2,3,6,8,2,9,1,4,8,2,0,2,1,1,0,0
0,0,0,1,0,1,0,1,1,1,0,0,0,0,0,0,0,0,0,0
9,2,0,5,3,1,5,11,4,6,1,2,6,3,0,1,0,1,1,0
6,1,1,13,7,4,20,9,11,14,4,4,5,1,0,1,2,0,0,0
2,1,1,4,0,1,7,3,0,3,1,2,3,0,0,0,0,0,0,0
10,2,3,11,12,7,20,16,5,12,10,7,11,6,0,4,1,2,0,0
13,9,5,21,6,7,21,22,15,16,2,6,15,1,2,0,3,3,1,0
23,14,12,40,11,18,48,32,19,36,13,10,14,3,1,2,0,3,0,0
7,1,2,12,4,2,13,7,3,4,0,1,1,0,1,2,0,0,1,0
18,7,4,14,8,7,22,25,10,20,7,5,18,5,0,0,0,0,0,0
4,2,1,2,2,2,5,2,1,1,1,0,3,2,0,0,1,0,0,0
8,1,3,18,2,6,51,8,10,21,2,12,14,1,8,5,5,3,3,0
5,1,2,8,2,4,8,7,6,6,1,3,3,2,0,1,0,0,0,0
17,3,2,22,8,9,24,24,5,13,5,7,11,1,2,5,1,1,0,0
14,4,2,14,4,6,13,18,10,19,3,2,11,1,0,0,0,0,0,0
3,0,0,10,2,2,11,9,11,10,5,5,4,3,0,3,0,0,0,0
0,1,1,1,0,0,0,0,0,0,0,0,0,0,0,0,0,0,0,0
16,5,11,57,3,36,81,19,12,20,6,5,15,2,4,11,12,4,4,0
13,5,8,45,10,19,41,10,7,6,2,5,5,1,5,4,7,1,1,0
7,4,6,11,6,4,7,7,6,7,0,1,3,1,0,0,2,1,0,0
15,4,3,31,6,27,77,23,18,25,6,10,10,4,6,10,3,4,1,0
2,1,1,6,0,1,6,3,7,5,0,4,1,0,0,0,0,0,0,0
0,1,1,3,0,2,4,2,1,1,1,0,1,1,0,1,0,0,0,0
5,0,0,5,2,5,14,10,4,12,2,3,5,1,1,3,0,1,1,0
10,2,2,27,2,24,41,11,3,11,3,3,7,2,1,3,3,0,1,0
14,3,5,16,5,10,25,14,6,8,0,5,9,1,1,2,2,1,0,0
9,3,4,21,6,7,11,17,12,17,15,5,6,0,0,2,0,0,2,0
5,3,2,8,3,4,12,8,7,5,0,2,2,1,0,1,0,0,0,0
5,1,1,6,2,3,9,8,2,6,1,0,4,2,2,2,0,0,1,0
3,1,1,6,0,3,16,3,5,6,1,2,0,0,3,2,2,1,0,0
0,0,0,1,0,1,0,0,0,0,0,0,0,0,0,0,0,0,0,0
3,2,3,4,1,1,4,4,4,3,0,0,2,0,1,1,2,0,0,0
3,1,1,10,2,10,19,6,7,7,0,4,4,1,0,2,1,1,1,0
0,0,0,0,0,0,2,1,0,1,0,0,0,0,0,0,0,0,0,0
12,1,2,9,4,8,14,13,4,13,2,2,11,1,0,2,1,1,0,0
3,0,0,0,1,1,3,3,1,1,0,0,3,2,0,1,0,0,0,0
2,0,1,20,2,8,15,2,0,0,0,0,2,1,1,0,1,1,0,0
0,0,0,1,0,1,1,0,0,0,1,0,0,0,0,0,0,0,0,0
9,1,1,5,3,1,8,10,2,7,3,2,10,1,0,2,2,0,0,0
9,2,2,21,1,13,28,7,13,16,3,5,0,2,0,0,3,0,0,0
1,0,0,3,0,2,3,2,2,3,1,2,2,0,0,0,0,0,0,0
4,2,3,17,6,11,23,3,3,8,2,3,3,2,0,0,3,0,2,0
6,3,4,9,4,8,20,6,9,6,0,4,0,1,4,2,3,1,0,0
13,8,7,20,9,9,25,22,14,12,6,6,7,7,0,1,3,1,1,0
6,6,3,20,5,11,21,7,6,9,2,3,10,1,1,3,0,0,1,0
8,4,6,6,5,1,7,6,1,5,0,4,9,1,0,3,1,0,0,0
8,3,2,10,4,2,18,14,3,17,5,7,6,2,0,3,1,2,0,0
5,1,0,10,2,1,7,6,1,2,0,1,2,1,0,4,0,0,0,0
1,0,0,0,0,0,3,3,1,2,0,1,2,0,0,0,0,1,0,0
7,3,2,15,6,3,18,20,9,15,9,2,9,2,2,1,0,4,0,0
2,2,2,6,2,8,8,2,0,1,1,1,1,1,1,0,0,0,0,0
3,0,0,3,2,1,4,3,3,3,0,1,1,1,0,0,0,0,0,0
0,0,0,1,0,1,1,1,0,1,0,1,1,0,0,0,0,0,0,0
0,0,0,0,0,0,1,0,1,0,0,0,0,0,0,0,0,0,0,0
4,2,1,4,2,2,2,3,0,3,0,0,1,1,0,0,1,0,0,0
20,4,7,37,10,27,64,30,20,28,3,10,7,3,3,9,3,3,0,0
8,2,1,11,5,9,19,12,7,17,5,6,8,3,0,2,1,1,0,0
13,4,3,20,5,8,23,15,9,13,2,5,13,2,1,3,1,2,0,0
10,2,4,10,6,3,7,8,2,4,0,1,4,5,2,1,1,0,0,0
1,0,0,2,0,0,1,2,0,0,0,0,0,0,0,0,1,0,0,0
8,4,2,6,4,4,8,15,8,13,2,5,7,4,2,0,1,1,0,0
0,0,0,0,0,1,0,0,0,1,0,1,1,0,0,0,0,0,0,0
4,1,2,3,2,1,1,4,4,1,0,0,1,1,0,0,0,0,0,0
1,0,0,0,1,0,2,2,1,2,0,0,0,0,0,0,0,0,0,0
9,0,1,14,5,5,22,12,9,10,3,4,9,2,1,2,2,1,0,0
0,0,0,3,0,1,7,1,7,3,1,1,0,0,0,1,0,0,1,0
4,0,1,1,1,1,7,5,1,4,0,1,6,0,0,0,0,0,0,0
13,5,8,36,8,11,26,12,6,11,2,4,10,5,7,2,1,1,0,0
9,6,7,9,4,6,9,7,1,2,1,2,5,1,1,0,0,0,0,0
3,1,2,3,2,1,10,7,7,6,4,1,4,0,0,0,0,1,0,0
4,1,4,10,2,1,5,10,1,4,0,0,7,2,0,0,1,0,0,0
5,4,2,6,3,3,5,9,1,5,2,1,5,0,0,1,0,1,0,0
9,2,1,4,9,6,19,13,8,9,2,5,8,3,1,1,0,0,1,0
3,0,1,2,1,0,8,6,8,7,0,3,2,1,0,1,0,0,1,0
0,1,1,3,1,0,4,2,4,4,0,0,2,0,1,0,1,0,0,0
4,0,1,0,3,2,2,5,1,4,1,2,4,1,1,1,0,0,0,0
14,5,8,25,5,13,27,16,6,13,5,6,8,3,2,1,3,0,2,0
5,0,3,6,2,2,3,7,1,4,2,2,7,1,0,0,0,0,0,0
2,0,0,3,0,2,3,2,1,3,0,1,0,0,0,1,0,0,0,0
2,1,0,5,0,1,10,3,5,4,1,2,1,0,2,1,1,0,0,0
4,0,1,7,4,4,5,7,3,7,2,2,3,2,1,0,0,0,0,0
8,2,2,6,3,2,6,10,0,7,2,1,8,6,0,0,1,0,0,0
1,0,0,4,0,2,4,2,3,2,0,1,1,0,0,2,0,0,0,0
0,0,1,3,1,1,1,0,0,0,0,0,0,0,0,0,1,0,0,0
1,1,1,4,2,1,5,0,1,1,1,2,0,0,1,0,0,0,0,0
6,2,1,8,4,4,16,10,6,8,3,2,2,1,3,2,0,0,1,0
0,0,0,0,0,0,1,0,2,1,0,0,0,0,0,0,0,0,0,0
11,2,2,15,5,9,26,8,7,18,8,7,14,0,5,0,0,0,0,0
9,4,3,9,4,5,9,9,4,6,2,3,8,6,0,1,1,0,0,0
2,0,0,2,1,4,8,4,2,4,3,2,1,0,1,1,0,0,0,0
5,2,1,5,2,1,2,8,3,6,1,1,5,2,1,0,1,0,0,0
5,4,5,7,2,3,13,1,2,3,1,2,3,0,0,0,3,0,1,0
4,0,0,1,2,2,4,5,1,2,1,0,3,1,1,2,0,0,0,0
4,1,1,6,3,11,18,6,1,4,0,1,4,3,0,1,0,0,0,0
9,4,6,15,4,4,11,4,3,4,0,3,2,1,0,2,0,0,0,0
13,1,3,10,4,5,21,15,6,12,6,2,15,3,0,5,0,0,1,0
9,2,0,37,7,11,23,15,15,12,6,2,8,3,0,2,2,1,0,0
10,9,7,5,6,2,6,11,2,8,0,1,9,0,0,0,1,0,0,0
6,0,1,8,1,3,18,9,7,10,2,2,4,0,0,1,1,0,0,0
9,1,2,7,3,1,10,9,3,11,5,3,9,3,1,1,0,0,0,0
8,2,0,6,2,1,13,10,9,8,1,3,7,3,1,1,1,1,1,0
2,0,0,2,2,1,7,5,5,5,2,1,1,1,0,1,0,0,0,0
7,3,1,3,7,0,8,11,5,11,5,1,5,1,0,1,0,0,1,0
3,0,0,8,1,5,10,3,4,4,0,1,0,0,0,0,0,0,0,0
0,1,0,2,1,2,4,5,3,3,3,0,1,2,0,1,0,0,0,0
5,1,1,10,3,7,12,6,6,7,0,2,1,2,0,1,0,0,1,0
6,1,1,7,3,4,10,4,3,3,3,1,1,1,0,0,0,3,1,0
9,5,10,28,8,10,26,16,12,14,6,4,6,1,0,1,4,2,1,0
3,0,0,1,0,3,10,7,5,6,0,0,5,1,0,1,0,1,1,0
10,1,1,16,4,5,27,25,14,23,12,5,11,3,2,3,0,1,0,0
6,2,4,8,6,1,10,6,3,4,3,0,2,2,1,1,2,0,0,0
0,0,0,1,0,0,0,0,0,0,0,0,0,0,0,0,1,0,0,0
5,1,1,11,4,2,4,7,2,6,3,2,7,0,1,0,0,0,0,0
5,3,2,11,2,3,7,4,2,1,1,0,0,1,5,0,0,0,0,0
9,0,2,19,6,8,26,18,10,17,4,6,2,2,0,6,0,2,0,0
0,0,0,2,0,1,3,3,4,1,0,1,0,1,0,1,0,1,0,0
7,2,1,10,3,1,13,3,3,3,4,3,2,2,0,0,0,0,0,0
7,5,6,15,3,3,14,2,7,6,0,2,1,2,0,0,1,0,0,0
0,0,0,0,0,1,4,1,0,2,0,1,0,0,0,1,0,0,0,0
3,0,0,8,2,8,19,7,7,15,0,3,3,1,1,0,0,0,0,0
3,0,0,7,1,5,8,6,10,8,0,4,2,0,0,1,0,0,0,0
0,1,1,3,1,1,4,4,7,7,2,5,3,0,0,0,0,0,0,0
6,1,1,13,2,8,9,7,5,11,3,5,9,0,0,0,1,0,1,0
10,3,1,13,3,2,14,12,6,9,3,1,7,2,1,0,1,0,1,0
11,2,6,19,5,6,23,22,10,24,9,4,15,1,0,7,2,2,1,0
20,4,3,20,12,12,41,39,10,26,5,8,18,4,0,4,1,4,0,0
17,4,4,17,5,6,29,19,7,18,7,11,10,1,2,2,1,2,2,0
2,1,1,5,1,0,2,2,4,2,0,2,0,0,0,0,0,0,0,0
10,2,1,9,5,3,10,15,5,5,0,1,4,2,1,3,0,0,0,0
7,0,1,11,4,11,25,24,13,24,2,4,12,4,0,0,0,1,0,0
13,2,4,25,7,11,57,17,17,20,3,5,7,2,4,11,0,2,1,0
4,0,2,3,2,0,1,3,1,3,2,2,4,0,0,0,0,0,0,0
9,1,0,29,1,15,47,13,15,17,2,6,6,2,11,6,0,7,1,0
0,0,0,0,0,0,0,2,1,2,0,0,1,0,0,0,0,0,0,0
6,2,3,11,2,9,16,7,3,5,1,2,4,1,0,2,2,0,0,0
0,0,0,1,1,0,1,0,0,0,0,0,0,0,0,0,0,0,0,0
0,0,0,0,0,0,0,1,0,1,0,0,1,0,0,0,0,0,0,0
7,4,7,31,5,12,28,11,7,10,1,2,7,1,5,0,5,1,0,0
6,3,3,12,3,4,10,5,3,1,0,1,2,0,1,0,2,0,0,0
0,0,0,1,0,0,2,1,3,1,1,0,0,0,0,0,0,0,0,0
3,1,2,8,1,4,14,3,3,6,0,1,2,0,0,3,0,1,0,0
4,2,2,3,3,2,5,5,4,5,0,1,2,0,0,1,0,0,0,0
8,3,4,30,4,8,24,18,10,16,2,5,5,3,3,3,1,0,0,0
26,5,9,40,10,10,51,37,20,32,8,5,24,3,5,11,3,1,1,0
12,4,6,19,5,5,13,17,7,7,1,0,7,6,0,4,0,1,0,0
1,0,0,1,0,0,0,1,0,1,0,1,1,0,0,0,0,0,1,0
9,3,2,9,9,3,12,16,4,6,1,3,4,4,0,4,1,1,0,0
18,5,5,37,6,12,48,22,8,25,19,8,11,1,12,5,8,1,2,0
3,2,2,10,2,1,11,7,8,11,3,3,2,1,0,0,0,0,1,0
8,1,2,9,3,5,32,20,14,23,1,7,9,4,4,2,2,0,1,0
2,0,0,0,0,0,0,2,0,1,0,0,2,1,0,0,0,0,0,0
0,1,1,2,1,3,4,3,1,2,1,1,1,0,0,0,1,0,0,0
11,5,7,22,6,9,23,14,6,12,2,1,4,4,2,2,0,0,0,0
0,0,0,0,0,0,1,0,0,0,0,0,0,0,0,0,0,0,0,0
22,5,4,32,9,18,64,27,18,28,14,6,11,6,2,3,7,5,1,0
4,2,7,10,6,5,6,1,2,5,3,2,0,1,0,0,3,0,0,0
15,0,0,11,0,5,21,28,16,26,5,5,11,2,0,2,0,0,1,0
2,0,0,0,0,0,2,2,1,3,0,1,1,0,1,0,0,0,0,0
6,0,0,2,0,3,8,9,3,7,0,0,5,1,0,1,0,1,1,0
7,2,1,12,4,13,16,5,1,7,2,3,5,2,2,0,5,0,0,0
2,0,0,1,3,0,3,0,0,1,0,0,0,2,0,0,0,1,0,0
19,8,9,34,9,31,90,18,20,32,20,12,7,1,7,7,7,5,3,0
21,5,4,25,8,13,42,31,18,28,5,6,18,3,1,5,4,3,0,0
5,1,2,24,2,22,52,11,18,31,6,13,5,0,1,0,0,1,6,0
8,0,0,6,1,6,19,7,5,11,2,3,5,1,1,3,0,0,1,0
14,4,7,29,3,8,15,13,5,3,3,4,6,0,0,2,3,3,0,0
6,3,0,8,2,0,8,18,6,10,3,2,12,3,1,1,1,0,1,0
3,1,0,2,2,1,6,4,3,4,1,1,2,0,1,0,0,0,0,0
6,1,5,37,3,29,28,9,9,9,2,3,3,0,0,3,2,1,2,0
5,0,0,10,3,6,24,9,9,14,2,5,5,2,0,0,0,1,2,0
0,0,0,2,0,1,10,1,3,4,0,0,1,0,0,0,0,0,0,0
11,1,5,14,6,3,14,13,10,11,4,1,8,0,0,0,2,0,0,0
13,0,2,16,1,7,27,18,13,16,1,6,7,1,1,3,1,2,0,0
9,0,1,10,3,8,27,15,11,21,8,9,10,1,1,3,1,2,1,0
8,3,2,7,1,5,16,5,3,6,0,2,4,4,1,0,0,0,0,0
2,0,0,2,0,2,10,5,4,6,5,4,3,1,0,5,0,0,1,0
5,3,3,14,4,7,10,8,6,6,4,1,6,3,0,3,1,0,0,0
1,0,0,2,0,0,1,0,0,0,0,0,1,0,0,0,0,0,0,0
3,1,1,6,2,1,1,1,1,0,0,1,0,0,0,0,0,0,0,0
25,7,16,62,16,29,66,45,21,31,11,7,22,3,4,6,3,4,0,0
0,0,0,0,0,0,1,0,0,0,0,0,0,0,0,0,0,0,0,0
3,2,3,5,1,3,7,3,1,3,0,1,3,0,0,1,1,1,0,0
10,1,1,16,8,8,16,15,6,8,2,0,4,4,0,1,1,0,0,0
10,1,1,5,0,3,12,13,5,10,5,4,8,3,0,3,0,0,1,0
5,0,1,7,2,2,7,8,3,7,1,2,4,2,1,0,0,0,0,0
2,0,0,0,1,1,2,1,0,0,1,0,0,1,0,2,0,0,0,0
6,3,2,17,5,8,26,15,12,10,1,4,9,2,1,3,2,0,1,0
3,2,2,1,1,3,6,1,1,2,1,0,1,0,0,1,2,0,0,0
1,1,2,4,1,0,5,0,2,1,0,0,0,0,0,1,0,0,0,0
6,2,2,8,3,2,6,5,1,3,0,0,3,2,0,2,2,0,0,0
9,5,8,15,7,9,20,6,3,7,5,1,4,4,0,1,4,1,0,0
12,6,12,24,7,8,17,11,6,5,0,0,5,3,0,3,4,0,0,0
2,0,0,0,2,0,1,1,0,2,0,1,0,2,0,0,0,0,0,0
13,1,4,23,9,10,18,9,6,16,5,5,6,2,1,3,0,0,0,0
8,2,2,11,2,3,12,9,3,6,1,1,4,2,0,3,1,1,0,0
0,0,0,2,0,0,1,0,0,1,0,0,0,0,0,0,0,0,0,0
0,0,0,0,0,0,1,0,0,0,0,0,0,0,0,0,1,0,0,0
8,3,5,27,4,8,48,14,14,26,18,8,12,4,4,3,6,0,2,0
7,1,2,5,4,4,8,3,1,5,0,1,8,2,0,0,0,0,0,0
1,1,2,2,2,0,0,0,1,1,0,1,0,0,0,0,0,0,0,0
2,0,0,6,0,0,6,11,5,8,2,4,10,1,0,1,0,0,0,0
4,1,0,9,1,7,23,8,7,12,1,7,4,1,1,1,0,2,0,0
1,1,1,2,1,1,3,0,1,2,0,2,0,1,0,0,1,0,1,0
2,0,0,2,0,2,1,4,4,6,0,1,0,0,0,0,0,0,0,0
5,0,1,4,3,3,7,5,2,0,0,0,1,2,0,0,0,1,0,0
6,0,1,4,4,2,1,7,1,5,3,0,1,2,0,0,0,0,0,0
4,0,0,15,1,11,28,7,14,14,2,7,6,0,0,1,1,1,5,0
9,4,6,21,7,6,33,10,7,10,3,4,2,0,1,7,2,0,0,0
1,1,1,5,2,2,5,4,4,4,2,3,4,1,1,0,0,0,1,0
0,0,0,1,1,0,2,1,2,3,4,1,0,0,0,0,0,0,0,0
0,1,0,1,0,0,4,2,3,2,1,1,0,0,0,0,0,0,2,0
1,0,0,1,0,1,2,3,1,2,0,0,3,0,0,0,0,0,0,0
4,1,1,2,0,1,6,6,3,5,0,2,3,2,0,0,0,0,0,0
5,2,1,7,6,3,10,4,2,6,2,2,6,1,0,0,0,0,0,0
7,2,3,21,4,9,26,11,10,12,3,6,6,1,3,1,2,1,0,0
16,4,5,52,11,32,65,11,14,19,1,9,11,0,12,5,9,2,0,0
0,0,0,1,0,1,5,2,4,6,0,2,0,0,0,0,0,0,1,0
8,1,1,6,2,1,10,12,7,9,3,4,5,1,0,0,0,0,0,0
12,4,4,34,11,10,46,15,19,32,21,7,14,0,4,4,2,2,4,0
2,2,1,0,2,0,1,0,1,0,0,0,1,0,0,0,0,0,0,0
3,3,1,10,1,3,5,7,4,3,1,0,5,1,1,0,0,0,0,0
9,4,3,11,6,5,10,9,2,3,0,0,5,3,0,1,1,0,0,0
23,4,5,33,10,8,34,23,9,16,9,1,12,1,1,3,6,1,0,0
1,0,0,7,1,6,9,1,4,1,1,2,0,0,1,0,0,0,0,0
0,0,0,1,0,0,0,1,1,1,0,0,0,0,0,0,0,1,0,0
0,0,0,1,0,2,3,0,1,0,0,0,1,0,0,0,0,0,0,0
3,2,2,1,2,0,3,2,0,2,0,0,0,0,0,3,0,0,0,0
3,0,0,2,0,0,2,4,2,3,1,1,1,0,0,0,0,1,0,0
11,5,4,10,14,2,5,20,4,17,14,2,16,3,0,1,0,0,0,0
8,1,3,12,7,8,11,9,5,8,3,2,5,1,0,0,0,2,0,0
9,1,3,22,3,8,14,15,7,13,4,7,9,1,1,1,0,1,0,0
10,0,0,10,2,3,14,15,6,12,3,3,7,1,3,1,1,0,1,0
4,1,3,11,0,11,19,8,5,6,3,3,3,1,0,5,2,1,1,0
18,4,6,22,8,9,26,18,11,22,5,7,7,0,0,3,1,2,0,0
5,0,1,7,2,6,19,9,3,7,1,0,7,2,1,1,0,0,1,0
9,2,3,24,5,9,17,12,5,8,2,3,6,0,1,1,1,1,1,0
4,2,2,7,1,4,14,12,8,14,2,4,8,3,0,1,1,0,0,0
13,5,6,18,12,10,19,20,13,20,4,9,9,6,1,2,1,1,2,0
1,0,0,4,0,0,4,1,3,1,0,0,0,0,0,0,0,0,0,0
24,5,10,68,12,26,82,53,27,47,20,8,21,1,1,7,9,4,0,0
5,3,3,4,4,4,6,8,5,8,1,2,3,3,0,0,1,0,0,0
13,1,0,19,4,8,28,17,10,15,4,4,11,0,1,0,1,0,1,0
0,0,0,0,0,1,1,0,0,0,0,0,0,0,0,0,0,0,0,0
16,6,4,18,8,6,23,30,15,26,8,9,10,3,1,2,1,0,2,0
16,2,8,20,3,8,15,12,7,7,1,2,5,4,2,2,1,0,0,0
4,2,3,4,1,1,6,8,3,6,2,2,5,1,0,1,1,1,0,0
8,2,2,2,2,1,4,6,0,3,0,1,2,1,0,0,0,0,0,0
19,3,4,48,9,20,61,34,25,31,9,8,11,4,3,10,5,2,2,0
8,2,1,9,5,5,13,14,5,10,2,3,7,3,0,1,0,0,0,0
0,0,0,1,0,0,0,0,0,0,0,0,0,0,0,0,0,0,0,0
4,1,1,7,3,3,10,4,3,5,5,4,3,1,1,0,1,0,1,0
4,3,3,7,4,6,2,5,2,4,0,1,2,4,0,0,2,0,0,0
4,0,0,2,3,1,11,5,6,11,0,5,5,2,1,0,0,0,0,0
2,0,0,1,2,3,5,3,2,4,2,0,4,0,0,0,0,0,0,0
16,1,3,29,7,11,19,17,5,18,5,1,10,4,1,2,2,1,1,0
2,1,0,3,1,2,4,5,3,4,0,1,1,1,0,1,1,0,0,0
2,0,0,5,1,1,7,3,1,4,0,0,4,0,1,2,0,0,0,0
3,2,1,3,3,2,4,1,1,1,0,1,0,2,0,0,0,0,0,0
5,2,4,9,2,3,6,8,2,3,0,0,5,3,1,1,1,0,0,0
7,0,2,5,1,5,25,13,8,15,4,7,9,0,0,3,2,1,1,0
8,3,2,10,4,3,9,7,1,4,0,1,9,2,1,0,1,0,0,0
0,0,0,1,0,0,2,3,1,3,2,1,1,1,0,0,0,0,0,0
2,1,1,8,3,2,5,5,3,6,2,1,1,0,3,0,3,0,0,0
0,0,0,1,0,0,1,1,0,0,1,0,1,0,0,0,0,0,0,0
5,9,6,14,2,6,12,9,4,12,3,2,4,3,0,1,4,0,0,0
4,2,1,7,2,1,7,10,1,8,3,1,7,2,0,1,0,1,0,0
0,0,1,2,1,0,0,0,0,0,0,0,0,0,0,0,0,0,0,0
8,1,1,8,3,2,16,15,10,11,2,2,6,3,1,4,0,0,0,0
8,3,2,8,1,7,14,12,4,6,0,1,4,2,0,1,1,1,0,0
19,2,8,53,7,23,55,23,15,20,3,8,11,0,0,3,2,6,2,0
11,5,4,8,6,8,21,10,7,11,1,2,6,1,0,1,2,1,1,0
0,0,0,0,0,0,0,1,1,0,0,0,1,0,0,0,0,0,0,0
12,5,9,11,5,2,9,9,0,2,0,1,2,2,0,1,2,1,0,0
9,1,2,9,1,4,7,8,4,2,1,1,4,0,0,2,1,2,0,0
6,2,2,6,2,6,22,8,6,21,11,7,9,0,0,2,1,0,0,0
1,1,0,7,0,2,2,4,3,3,0,0,1,0,5,1,0,0,0,0
4,0,1,4,2,4,5,5,3,4,1,1,1,2,0,1,1,1,0,0
12,5,5,36,6,10,45,11,7,16,8,8,20,2,8,8,9,4,1,0
0,0,0,5,0,2,7,2,3,4,1,2,3,0,0,0,0,0,1,0
0,0,0,0,0,0,1,0,0,0,0,0,0,0,0,0,0,0,0,0
3,2,2,4,0,4,6,4,2,3,0,1,5,1,0,0,0,0,0,0
1,0,0,1,0,0,2,0,0,0,0,0,0,0,0,1,0,0,0,0
4,0,0,14,2,13,30,8,13,13,5,5,0,0,0,2,1,0,0,0
6,3,4,8,5,2,17,7,3,12,3,4,3,4,1,0,1,0,0,0
2,2,2,2,2,1,1,3,2,3,0,0,1,1,0,1,1,0,0,0
4,2,3,9,1,1,12,4,1,6,1,3,4,2,2,2,0,0,0,0
17,4,7,36,11,27,47,18,17,15,4,9,4,3,1,2,1,1,0,0
3,2,0,11,2,5,26,6,14,12,1,5,1,1,1,3,0,1,5,0
5,1,1,3,3,3,7,5,3,4,0,1,4,0,0,0,0,0,0,0
0,0,0,0,0,1,3,1,0,0,0,1,0,0,0,1,0,0,0,0
9,1,2,14,7,7,16,10,7,14,5,6,13,4,1,1,1,1,0,0
2,0,1,3,3,4,5,1,1,1,0,1,2,1,1,0,2,0,0,0
14,2,3,13,5,3,21,14,4,6,2,1,8,3,0,7,2,1,0,0
2,0,0,3,2,2,10,8,0,6,5,4,6,0,0,2,1,0,0,0
0,0,0,3,0,1,3,1,1,2,2,2,1,0,0,1,0,0,0,0
4,5,7,5,5,4,14,6,6,7,2,5,3,0,0,1,7,0,3,0
24,3,6,33,9,11,28,25,14,26,5,6,15,2,2,1,0,1,0,0
7,0,0,8,4,6,14,4,3,5,3,2,1,0,0,3,0,0,0,0
4,1,0,7,3,3,5,0,4,2,1,2,1,0,0,1,0,0,1,0
11,1,1,9,6,2,12,12,6,7,1,2,7,3,1,0,2,0,0,0
8,4,3,19,5,13,44,9,10,11,1,7,3,2,5,5,0,1,0,0
8,3,0,10,6,10,19,10,9,8,1,4,6,1,0,1,0,1,1,0
8,3,2,9,3,3,10,8,3,8,0,1,4,1,0,2,0,1,0,0
3,0,0,3,2,1,3,5,3,2,0,1,1,0,0,0,0,0,0,0
4,0,0,11,2,6,33,8,17,21,4,7,10,1,0,2,0,0,4,0
7,1,3,8,2,4,9,11,0,8,5,2,9,4,0,1,0,0,0,0
5,0,0,2,2,0,5,3,1,4,0,2,1,0,0,0,0,0,0,0
0,0,0,0,0,0,1,0,1,0,0,0,0,0,0,0,0,0,0,0
1,0,0,0,0,0,0,1,0,0,0,0,1,1,0,0,0,0,0,0
0,0,0,1,0,0,1,2,0,2,0,0,2,0,0,0,0,0,0,0
8,3,3,22,4,12,42,9,11,11,7,10,8,1,1,4,1,0,0,0
4,0,1,13,3,3,12,7,5,10,3,4,6,2,2,2,1,0,0,0
0,0,0,0,0,0,1,1,1,0,0,0,0,1,0,0,0,0,0,0
0,0,0,1,0,0,1,0,2,0,0,0,0,0,0,0,0,0,0,0
0,0,0,1,0,0,0,1,0,0,1,0,1,0,0,0,0,0,0,0
0,0,0,5,0,1,10,4,8,3,0,2,0,0,1,0,1,0,0,0
8,0,0,14,6,8,19,14,11,12,2,3,8,3,0,1,1,1,1,0
18,6,4,39,11,21,50,20,11,19,4,8,13,3,5,3,2,4,0,0
0,1,0,6,1,6,14,4,5,6,1,2,1,0,0,1,2,0,1,0
18,5,12,27,13,15,16,23,11,16,4,4,13,5,0,1,1,1,1,0
1,2,2,2,1,1,3,1,1,1,0,1,1,0,0,0,0,0,0,0
4,0,0,7,2,2,4,2,5,2,0,1,4,0,0,0,0,0,0,0
0,1,1,4,0,3,10,3,4,4,0,2,1,1,0,0,0,0,0,0
0,0,0,0,0,0,7,5,1,1,0,1,2,1,0,3,0,2,0,0
5,0,0,10,1,14,17,6,4,6,1,3,1,0,1,1,0,2,0,0
3,1,0,2,1,0,3,4,1,3,2,1,3,0,0,0,0,1,1,0
16,5,5,39,15,21,48,40,22,41,14,7,15,6,3,5,3,0,1,0
1,1,0,4,1,2,8,3,7,9,3,1,3,0,0,0,0,0,1,0
5,1,1,8,2,1,10,10,5,5,2,2,2,1,0,1,0,1,0,0
6,1,1,13,2,1,24,19,10,13,1,3,13,0,1,1,1,2,1,0
3,1,0,2,1,3,15,11,13,16,1,5,4,0,0,2,0,0,0,0
1,0,0,1,0,0,2,0,0,0,0,0,0,0,0,0,0,0,0,0
8,1,2,14,9,13,21,5,5,11,1,3,3,3,1,1,0,0,0,0
3,1,0,2,2,0,2,3,1,1,1,0,3,0,0,0,0,0,0,0
20,11,14,95,24,37,79,41,33,53,38,10,24,0,7,5,7,4,2,0
9,2,1,8,5,6,9,10,6,4,2,0,4,3,0,2,1,0,0,0
19,5,8,65,4,45,91,18,18,23,2,9,8,1,4,6,6,13,1,0
8,0,0,14,9,10,24,21,11,18,5,4,12,1,0,5,0,1,0,0
2,0,0,1,1,0,4,3,1,3,1,2,1,1,1,1,0,0,0,0
1,0,0,1,2,2,1,0,0,0,0,0,0,0,0,0,0,0,0,0
1,1,1,1,0,2,6,1,0,5,1,2,0,0,0,0,2,0,0,0
11,8,8,38,14,19,73,19,18,27,11,9,6,1,1,5,3,3,1,0
2,1,1,9,3,4,11,2,3,3,0,2,3,0,3,0,0,0,0,0
6,2,2,7,5,3,7,9,3,8,1,2,7,2,0,1,1,2,0,0
0,0,0,2,1,1,7,1,3,3,0,0,1,0,0,0,0,0,0,0
14,5,6,26,10,13,17,11,4,12,5,3,10,1,0,0,2,0,0,0
1,0,1,3,1,2,3,0,1,2,0,2,0,0,0,0,0,0,0,0
2,0,0,5,1,5,5,1,1,2,0,0,1,0,0,0,0,0,0,0
6,3,2,4,3,2,3,4,3,5,0,0,3,0,0,0,0,0,0,0
4,1,1,6,3,2,6,5,5,5,3,6,3,2,0,0,0,0,1,0
20,3,6,35,14,12,39,23,25,35,21,10,22,3,0,4,2,4,1,0
1,0,0,13,1,3,11,8,3,10,3,4,5,2,0,0,0,0,0,0
5,2,3,34,3,8,27,10,7,10,0,3,7,0,4,3,6,3,0,0
7,3,3,7,1,4,12,8,5,4,2,1,3,4,0,3,2,0,1,0
12,4,7,30,8,18,35,13,5,16,5,10,11,2,2,2,3,1,2,0
2,3,3,5,1,1,5,4,2,3,0,0,1,0,0,1,1,0,0,0
0,0,0,1,0,0,1,0,0,0,0,0,0,0,0,0,0,0,0,0
0,0,0,0,0,0,1,0,0,0,0,0,0,0,0,1,0,0,0,0
2,0,0,5,1,2,5,1,1,2,0,1,0,0,0,0,0,0,1,0
7,3,4,14,6,13,17,5,2,4,0,1,1,0,1,1,2,0,0,0
7,3,4,20,3,5,7,6,5,5,5,0,3,0,0,0,0,0,0,0
2,0,0,0,0,0,0,2,0,1,0,0,2,0,0,0,0,0,0,0
11,2,2,17,5,7,18,16,8,19,7,3,9,4,0,4,1,0,0,0
1,1,1,2,0,0,3,3,1,1,0,0,2,0,0,1,0,0,0,0
6,0,0,5,3,0,2,5,2,4,3,0,4,1,0,0,0,1,1,0
3,0,0,6,1,1,8,9,8,10,2,4,3,2,0,1,0,0,0,0
3,3,3,7,4,1,5,1,3,0,0,0,0,1,0,0,1,0,0,0
7,0,0,2,2,3,9,7,2,5,2,0,5,2,0,2,0,1,0,0
13,1,1,6,3,2,8,14,5,10,2,0,7,4,0,4,0,0,0,0
6,1,1,12,2,8,31,10,8,9,7,9,7,0,1,8,2,1,4,0
8,4,2,26,5,22,63,4,8,16,4,4,8,2,2,3,4,3,3,0
2,3,0,0,4,2,5,3,4,8,0,4,3,1,0,1,0,1,0,0
2,1,1,4,1,2,10,5,2,3,0,0,3,2,0,0,0,1,0,0
3,2,1,2,1,2,5,1,0,1,0,0,1,0,0,0,0,0,0,0
19,7,9,16,16,7,27,31,15,18,3,4,16,4,0,2,3,2,1,0
16,4,5,12,6,7,29,15,13,12,5,3,8,4,0,2,4,2,0,0
6,1,2,5,2,7,10,11,2,9,0,1,8,1,0,1,0,0,0,0
1,0,0,8,1,6,14,2,1,2,0,1,1,0,0,1,2,2,0,0
4,0,0,2,3,0,5,6,3,8,5,3,2,2,0,0,0,0,0,0
1,0,0,2,1,0,4,4,6,5,1,2,1,0,0,1,0,0,0,0
6,3,3,20,3,7,27,7,11,11,1,4,3,0,1,2,2,2,0,0
17,1,5,50,11,20,46,23,26,23,7,10,8,5,1,4,4,1,1,0
0,0,0,0,0,0,2,3,2,4,0,2,1,1,0,1,0,0,0,0
8,3,3,11,2,4,20,9,8,11,2,2,4,0,1,3,3,1,0,0
6,1,3,6,2,2,6,3,2,1,0,0,2,0,0,2,0,0,0,0
2,1,1,0,1,0,5,1,0,2,0,0,1,0,0,2,0,0,0,0
0,0,0,3,0,5,6,0,0,1,1,1,0,0,0,1,0,0,0,0
3,3,4,9,4,9,12,3,1,7,3,3,1,0,0,1,1,0,0,0
5,0,0,2,2,1,3,3,1,2,0,0,3,2,0,0,0,0,1,0
6,2,2,10,2,8,12,5,2,6,0,3,5,0,1,3,1,0,0,0
10,1,2,6,4,2,7,11,4,8,6,0,8,1,0,0,0,0,0,0
13,8,9,8,8,4,15,11,3,3,1,2,1,3,0,6,3,1,0,0
3,4,4,10,3,1,3,7,2,4,1,2,2,1,0,0,3,1,0,0
10,7,7,25,7,17,31,16,6,11,2,2,14,5,0,2,7,1,0,0
0,0,0,0,0,0,1,0,1,0,0,0,0,0,0,0,0,0,0,0
0,2,1,6,1,3,5,2,3,3,0,1,0,1,0,0,0,0,0,0
11,4,5,24,6,11,28,8,8,11,2,4,8,2,1,3,3,4,1,0
3,0,0,2,2,1,4,4,2,3,0,0,0,1,0,0,0,0,0,0
11,2,5,9,2,6,11,14,5,11,1,5,10,6,1,0,2,0,0,0
0,0,0,4,0,1,4,2,3,8,19,5,4,0,0,0,0,0,0,0
4,1,1,3,2,1,4,8,6,8,0,0,4,2,0,0,0,0,0,0
4,3,3,9,1,1,2,5,0,5,2,2,3,0,0,1,1,0,0,0
10,0,0,6,2,1,10,12,3,11,2,3,4,0,0,2,2,1,3,0
6,6,9,12,6,2,10,4,5,5,2,2,1,3,2,1,1,0,0,0
1,0,0,5,0,3,19,3,6,5,0,1,1,0,0,0,0,2,0,0
1,0,0,8,0,5,20,6,11,7,1,3,1,0,1,1,1,2,0,0
5,1,2,9,1,7,13,7,1,6,1,3,6,0,0,0,1,0,0,0
1,0,0,6,0,0,1,1,0,0,0,0,0,0,0,0,0,0,0,0
9,3,3,14,6,9,17,12,10,15,6,6,6,2,1,2,1,0,1,0
10,4,5,25,7,18,24,5,6,8,1,2,2,2,2,2,4,0,0,0
16,6,5,3,0,2,8,15,4,7,1,0,10,4,0,3,2,0,0,0
4,1,1,20,6,19,26,11,7,8,0,3,2,1,1,4,1,2,1,0
0,0,0,0,0,0,0,0,0,1,0,0,0,0,0,0,0,0,0,0
9,4,6,6,6,5,18,12,6,6,0,2,8,6,0,0,1,1,0,0
1,0,0,1,0,1,3,2,1,2,0,0,0,0,0,0,0,0,0,0
13,7,5,9,5,8,20,12,5,10,5,4,5,4,5,9,2,2,0,0
3,0,0,5,1,3,20,6,5,10,3,5,0,0,0,2,3,0,1,0
3,0,2,6,1,3,13,3,2,5,0,0,2,1,1,2,0,0,0,0
3,0,0,0,0,1,5,5,2,2,0,1,4,2,0,1,0,0,1,0
0,0,0,0,0,0,1,0,0,1,0,0,0,0,0,0,0,0,0,0
2,0,0,5,2,8,11,4,1,1,0,1,2,3,0,2,1,0,0,0
1,0,0,4,0,2,7,1,1,3,1,1,1,0,0,0,0,0,0,0
9,2,4,8,6,2,14,5,5,10,3,4,8,0,0,0,1,1,2,0
4,0,1,3,2,2,11,7,2,5,1,2,1,1,0,2,0,0,0,0
8,3,8,14,6,12,13,5,2,4,1,1,2,0,0,1,5,1,2,0
5,0,0,2,2,2,6,5,1,6,1,2,6,2,0,2,0,1,0,0
10,3,2,8,4,7,15,17,6,11,3,1,5,1,0,1,0,1,0,0
5,1,3,9,3,1,9,7,7,8,6,2,4,1,0,1,0,0,0,0
8,5,7,20,10,8,10,12,6,13,4,3,9,2,0,1,1,0,0,0
4,0,2,4,0,1,10,1,3,5,1,3,1,0,2,2,0,1,0,0
7,2,2,10,4,2,16,8,7,9,1,2,4,1,3,3,2,2,3,0
8,8,7,18,7,12,16,13,15,17,6,7,8,0,1,1,4,0,1,0
7,2,2,10,4,3,8,5,2,3,3,1,4,0,1,1,0,0,0,0
6,0,1,3,1,0,1,8,2,3,1,0,6,2,0,0,0,0,0,0
3,1,1,3,2,3,13,6,6,5,0,2,2,2,1,1,1,1,0,0
5,0,0,7,2,1,17,9,7,7,2,2,5,4,1,1,0,0,0,0
9,3,1,6,2,3,4,9,1,9,2,1,5,0,0,1,0,1,1,0
8,0,1,16,1,8,30,17,9,14,4,4,4,0,0,5,1,1,0,0
13,3,5,29,9,19,62,14,12,18,8,6,13,1,2,4,4,2,1,0
11,1,1,18,2,3,9,20,6,16,9,6,12,0,0,0,0,0,0,0
4,2,3,20,5,11,32,8,9,14,2,5,5,1,4,3,3,1,0,0
3,1,2,10,2,10,24,2,6,5,0,4,0,0,1,2,2,2,0,0
3,5,3,5,2,1,6,1,2,1,0,1,2,0,0,0,0,0,0,0
9,1,1,15,7,16,27,10,5,6,2,2,5,3,0,4,9,0,1,0
2,0,0,8,3,5,19,8,13,13,2,5,0,0,0,1,0,0,0,0
7,3,2,14,4,7,15,9,3,14,9,3,13,2,1,0,1,0,1,0
2,1,1,5,1,2,10,6,2,6,2,2,2,0,0,1,0,0,0,0
0,0,0,0,0,0,0,1,0,1,1,0,1,0,0,0,0,0,0,0
0,0,0,0,0,0,0,0,0,0,1,0,0,0,0,0,0,0,0,0
30,9,16,80,17,16,70,40,36,42,16,13,15,2,6,8,9,2,2,0
3,1,0,10,2,3,7,3,1,2,0,2,4,1,1,0,4,0,0,0
18,13,15,19,7,8,23,21,8,15,6,3,14,6,0,3,7,1,1,0
1,1,1,1,0,1,0,0,1,0,0,0,1,0,0,0,0,0,0,0
1,1,1,4,0,3,6,2,3,2,0,0,1,0,0,2,1,0,0,0
1,0,1,6,1,4,1,2,0,1,1,0,1,0,0,1,0,0,0,0
9,2,3,35,2,20,56,15,16,16,2,4,8,3,9,5,1,2,1,0
12,3,3,14,8,5,14,17,6,6,1,1,5,2,0,2,2,0,0,0
7,1,0,6,1,4,5,7,1,5,2,2,5,3,1,1,1,0,0,0
3,3,3,12,3,2,9,1,4,1,1,2,2,0,1,1,2,0,1,0
13,1,1,21,6,11,52,31,22,41,10,12,10,4,1,5,1,0,0,0
6,2,1,12,5,3,14,16,8,19,8,5,11,2,3,1,0,0,0,0
4,0,0,3,2,1,3,5,3,4,0,2,2,3,0,0,0,0,1,0
5,0,0,9,0,1,6,9,1,5,0,0,8,2,1,1,0,0,0,0
0,0,0,0,0,0,0,1,0,1,0,0,0,0,0,0,0,0,0,0
1,0,0,0,0,0,3,1,1,3,0,2,0,0,0,1,0,0,0,0
1,1,0,2,1,0,1,2,0,0,2,0,1,0,0,0,0,1,0,0
8,4,4,4,7,5,9,5,0,5,3,1,5,4,0,0,1,0,0,0
4,2,0,4,2,1,5,6,4,5,0,1,2,0,0,0,0,0,0,0
7,3,3,10,0,2,8,9,4,4,2,0,5,1,0,3,1,0,1,0
11,3,3,12,5,11,14,10,3,10,0,3,5,0,1,2,0,0,1,0
0,0,0,0,0,1,1,0,1,0,0,0,0,0,0,0,0,0,0,0
7,2,5,14,5,7,27,8,8,15,5,7,8,2,2,3,1,0,1,0
6,2,2,8,5,4,6,5,3,5,5,1,2,0,0,0,0,0,0,0
5,0,0,6,3,2,8,7,7,6,1,1,2,1,0,2,0,0,0,0
1,1,2,0,1,0,0,1,0,0,0,0,0,0,0,0,0,0,0,0
0,0,0,5,0,0,6,5,8,6,1,3,0,0,0,0,0,0,0,0
5,1,0,11,0,7,25,13,10,10,2,1,5,1,0,0,0,3,0,0
7,1,0,1,2,1,4,9,3,4,1,1,10,3,0,0,0,0,0,0
3,1,3,4,1,1,4,2,2,1,0,1,3,1,0,0,0,0,0,0
5,0,0,10,1,8,17,11,9,16,0,3,5,0,2,2,2,0,1,0
1,0,0,2,1,0,3,0,2,0,0,0,0,0,0,0,0,0,0,0
5,0,0,6,3,8,16,8,7,9,1,6,6,2,1,3,0,1,0,0
20,4,4,30,13,19,72,31,19,46,9,10,12,3,2,7,1,4,3,0
14,1,2,23,7,11,24,26,11,11,5,2,13,1,0,7,2,2,0,0
3,1,1,4,1,3,4,4,2,1,0,0,2,0,0,0,0,1,0,0
3,2,1,2,1,0,2,3,0,3,0,1,3,0,0,0,0,0,0,0
6,0,1,8,2,5,23,8,5,9,1,5,4,0,0,3,1,0,1,0
2,0,0,7,0,7,10,4,5,8,1,4,4,0,0,1,0,0,0,0
2,0,0,3,1,2,5,0,1,2,0,0,1,1,0,0,0,0,0,0
1,0,0,0,0,0,1,1,0,1,0,1,0,0,0,0,0,0,0,0
14,5,5,18,10,5,14,21,9,17,6,5,9,2,0,1,2,0,0,0
8,2,1,18,0,5,23,14,12,13,6,4,5,1,1,1,0,1,1,0
3,1,1,4,4,1,9,3,5,9,0,4,3,1,0,0,2,0,0,0
0,0,0,5,1,2,3,0,1,1,1,0,1,0,0,0,0,0,0,0
3,0,0,8,0,3,12,10,6,13,2,1,3,4,2,2,1,0,0,0
3,2,5,16,3,13,14,3,3,4,1,2,1,0,2,0,2,1,0,0
19,0,4,65,7,30,88,40,23,49,12,11,14,1,1,7,4,3,3,0
2,3,3,6,3,8,14,11,10,15,1,4,5,1,0,0,0,1,0,0
8,0,0,13,4,4,17,16,6,13,4,2,4,0,0,1,0,2,0,0
2,1,0,2,1,0,3,3,2,1,0,0,1,1,0,1,0,0,0,0
2,0,0,6,1,2,13,4,4,7,2,2,1,0,0,2,0,1,0,0
3,0,1,1,3,0,0,2,0,1,0,1,0,0,0,0,0,0,0,0
10,7,2,11,8,1,8,13,9,9,2,4,14,3,0,0,0,0,0,0
0,0,0,2,0,2,3,1,0,0,1,0,1,0,0,0,3,0,0,0
4,0,2,33,4,14,37,4,7,9,2,1,1,0,0,1,1,0,1,0
7,3,4,23,2,12,39,8,9,20,4,10,1,1,5,4,2,1,0,0
1,0,0,1,1,0,0,3,2,3,0,0,0,0,0,0,0,0,0,0
1,1,1,2,1,1,1,1,0,0,1,0,1,0,0,0,2,0,0,0
11,3,5,36,6,28,70,7,11,17,1,7,10,1,1,1,1,0,1,0
10,4,5,17,9,7,10,10,2,4,1,0,3,1,1,1,1,1,0,0
8,1,0,16,3,5,18,12,7,11,4,2,2,2,6,2,1,4,0,0
8,4,5,10,6,3,18,8,7,18,8,4,5,2,1,1,2,1,2,0
5,2,1,15,2,5,15,11,7,17,4,1,7,1,0,0,0,0,0,0
1,0,0,2,0,2,1,1,1,1,0,1,0,0,0,0,0,0,0,0
6,1,1,12,2,3,29,17,12,16,1,3,7,3,2,0,0,0,1,0
15,5,4,31,20,17,61,31,13,47,51,21,21,4,9,5,1,1,3,0
40,16,12,61,19,16,63,48,22,47,19,17,34,5,9,12,8,2,0,0
2,0,0,1,0,1,9,4,3,3,0,0,1,1,1,2,0,1,0,0
4,2,1,8,4,9,28,6,7,6,0,4,5,1,2,3,0,2,3,0
1,1,1,1,0,0,0,0,1,2,0,2,0,0,0,0,0,0,0,0
2,0,0,4,2,3,6,1,0,1,1,3,2,1,0,0,0,0,0,0
3,2,2,4,1,2,7,4,3,3,0,3,1,1,0,0,1,1,1,0
14,0,0,23,6,6,22,21,11,21,12,8,16,4,0,4,1,3,2,0
5,2,3,10,4,2,4,7,5,9,2,1,4,1,0,0,1,0,0,0
7,3,2,10,3,5,24,11,8,9,1,3,4,5,0,3,0,0,0,0
0,0,0,1,0,1,0,0,0,0,0,0,0,0,0,0,0,0,0,0
9,4,3,4,2,5,25,16,11,17,8,2,12,2,0,4,0,0,1,0
13,5,6,15,3,8,27,25,13,22,3,4,7,4,1,6,1,2,1,0
0,1,1,4,0,1,8,1,2,2,0,1,0,0,0,0,1,1,0,0
3,0,2,4,5,0,6,4,2,2,2,0,2,2,0,1,2,0,0,0
23,5,7,19,7,5,24,39,15,28,6,5,20,1,0,0,2,1,1,0
5,1,2,20,1,11,39,6,14,15,2,4,3,0,0,3,1,0,2,0
12,5,4,8,3,4,20,11,6,12,1,4,8,3,0,0,0,0,0,0
2,0,0,2,1,1,5,3,1,1,0,0,1,0,0,2,0,0,0,0
12,5,7,17,6,5,11,6,2,2,3,1,5,3,2,2,3,0,0,0
6,0,0,2,2,0,1,7,4,5,0,2,4,4,0,0,0,0,0,0
4,3,2,19,3,12,18,8,8,7,5,3,2,0,0,1,1,1,1,0
0,0,0,1,0,1,4,0,0,0,1,1,0,0,0,0,0,0,0,0
13,2,4,14,6,9,24,20,8,20,5,7,9,0,0,3,1,1,1,0
6,0,0,4,2,6,7,6,0,2,1,0,4,5,1,1,1,0,0,0
13,5,4,21,7,2,17,16,10,20,9,6,9,5,0,1,0,1,0,0
8,2,0,11,4,4,25,21,11,21,6,4,11,1,4,2,1,0,2,0
0,0,0,2,1,4,6,0,0,2,0,1,1,0,0,1,0,0,1,0
3,0,0,1,1,2,7,5,2,1,0,0,1,0,0,0,0,0,0,0
1,0,0,7,1,1,8,3,5,5,1,2,4,1,0,2,0,0,0,0
8,3,7,29,7,16,32,16,7,14,9,5,14,1,0,4,7,0,1,0
14,2,3,24,5,14,31,15,10,9,3,3,11,6,0,1,5,0,0,0
1,1,0,3,1,0,2,2,2,1,0,2,2,0,0,0,1,1,0,0
8,2,2,14,6,5,15,21,12,11,5,3,10,5,4,1,2,0,1,0
11,2,2,28,3,9,27,34,22,27,4,6,12,6,0,6,2,1,3,0
10,2,3,11,4,3,10,7,6,15,1,2,7,1,0,0,3,0,1,0
5,0,0,14,3,4,10,9,4,7,4,2,3,0,0,3,1,0,0,0
9,2,2,42,8,17,22,16,13,9,5,6,5,2,5,2,2,1,1,0
15,7,9,29,10,19,51,31,20,24,8,7,11,7,3,6,4,2,0,0
8,4,4,14,4,8,24,9,10,11,2,6,3,1,5,3,1,1,2,0
8,0,3,15,7,5,11,9,14,16,2,7,6,2,0,0,0,0,1,0
4,1,1,3,1,0,7,5,1,4,0,1,1,0,0,1,1,2,1,0
9,1,0,9,3,4,11,12,6,11,3,1,10,1,0,0,0,0,0,0
2,0,1,3,1,2,3,2,0,0,0,0,2,0,0,1,0,0,0,0
0,1,1,2,2,1,1,1,1,2,1,0,0,0,0,0,1,0,0,0
8,1,6,23,6,6,14,7,6,12,4,6,6,0,0,0,1,0,0,0
1,0,1,1,0,0,1,1,0,1,0,0,1,0,0,0,0,0,0,0
3,1,1,16,1,12,25,9,5,9,4,1,5,1,0,3,1,0,0,0
2,0,0,2,0,1,7,5,6,11,1,3,1,0,0,1,0,0,0,0
3,1,1,6,3,6,7,5,0,3,0,0,2,1,0,2,1,0,0,0
0,1,0,6,1,3,12,4,4,7,1,3,4,0,1,0,1,0,0,0
5,2,0,10,4,3,12,6,3,13,6,5,8,1,1,1,1,0,0,0
0,1,1,4,1,1,7,2,3,7,3,4,1,0,0,0,1,0,1,0
1,1,1,4,1,1,6,1,2,5,3,2,3,0,0,0,0,1,0,0
19,10,13,46,15,23,42,29,15,22,4,8,11,4,2,10,9,4,3,0
9,6,4,17,4,14,24,7,0,6,2,7,6,1,2,1,3,1,0,0
19,2,3,32,9,5,23,40,20,30,10,6,15,0,1,1,1,4,1,0
4,3,2,8,4,2,10,4,0,4,0,1,5,2,0,1,1,0,0,0
16,3,4,13,4,7,39,16,12,16,1,3,11,4,2,8,2,0,0,0
7,1,2,1,2,0,4,7,3,4,1,2,3,3,0,0,0,0,1,0
3,1,1,6,0,0,4,6,5,4,0,1,3,1,0,0,0,0,0,0
8,5,5,16,6,9,17,8,3,7,5,1,7,4,1,2,4,1,0,0
7,1,1,5,7,9,26,7,4,9,0,6,2,1,1,0,0,0,1,0
16,0,2,19,9,10,25,26,11,24,9,8,19,4,3,4,1,0,0,0
2,2,3,16,3,8,25,4,4,7,3,2,1,1,1,1,5,1,0,0
1,1,1,7,2,7,6,0,1,1,2,0,0,2,0,0,1,0,0,0
12,5,9,10,9,5,11,5,2,8,3,3,3,3,0,0,3,0,0,0
1,2,2,5,1,1,7,2,4,3,0,0,2,1,0,0,1,0,0,0
2,0,0,9,0,5,18,6,5,6,0,1,2,0,0,1,0,0,0,0
2,0,1,6,3,3,9,2,3,2,0,1,0,1,0,3,0,1,0,0
0,0,0,1,0,1,1,1,0,0,1,0,1,0,1,1,0,0,0,0
2,0,1,3,1,0,5,3,3,7,2,2,0,0,0,0,1,0,0,0
2,2,0,6,2,3,8,3,2,3,0,1,1,0,0,1,0,1,0,0
6,2,1,26,2,13,24,12,3,4,2,1,4,1,2,2,2,0,0,0
3,0,0,9,2,3,5,6,3,0,0,0,0,1,0,1,0,0,0,0
4,1,2,11,4,2,14,5,5,7,5,4,6,0,0,1,0,2,2,0
4,1,2,8,5,5,12,9,4,13,3,4,10,4,1,1,0,0,0,0
3,1,1,4,1,1,14,6,4,10,2,4,5,0,0,1,0,0,2,0
1,0,0,2,1,0,4,2,2,4,0,1,0,0,1,0,0,0,0,0
15,5,6,45,16,33,49,13,9,20,4,7,8,5,1,3,6,2,0,0
3,1,0,6,2,2,5,5,2,5,1,2,2,0,1,2,1,0,0,0
9,2,4,25,3,16,18,7,4,6,1,3,6,1,2,0,2,0,1,0
12,9,9,19,8,17,26,15,5,12,2,4,8,5,1,9,4,3,0,0
11,2,5,25,6,6,15,6,3,6,2,2,2,2,1,0,5,0,0,0
5,1,0,21,2,8,28,3,8,7,3,5,2,0,1,0,2,0,0,0
6,1,0,8,3,3,12,11,7,10,1,2,6,2,0,3,0,0,0,0
0,0,0,0,0,0,1,0,1,0,0,1,0,0,0,0,0,0,0,0
2,0,1,4,1,0,4,3,1,0,0,1,0,0,0,0,0,1,0,0
1,0,0,1,2,1,2,1,1,0,0,1,1,0,0,0,0,0,0,0
3,0,2,8,4,2,5,4,5,5,2,1,2,1,0,2,1,0,0,0
3,3,2,11,3,4,14,5,4,8,0,3,4,1,1,0,1,0,0,0
9,0,1,10,3,3,9,13,8,8,4,1,6,0,0,2,0,0,1,0
6,2,2,14,3,4,19,15,10,16,9,6,4,0,1,2,1,1,1,0
13,5,11,27,7,16,27,11,12,14,4,6,3,1,1,5,4,0,0,0
1,0,0,1,0,1,4,1,1,0,0,1,0,0,0,0,0,1,0,0
32,8,15,76,13,33,129,51,44,66,21,10,22,1,16,10,10,6,1,0
3,0,1,7,1,5,20,9,7,6,0,5,5,4,0,1,0,0,0,0
7,2,2,10,1,2,8,10,4,7,2,1,4,2,0,1,0,1,0,0
0,0,0,1,0,2,2,1,0,0,0,0,1,0,1,0,0,0,0,0
8,2,4,17,4,9,28,16,5,11,5,4,12,3,0,2,2,0,2,0
7,1,1,15,4,5,10,15,8,16,4,5,9,2,0,1,1,3,0,0
15,2,3,24,4,8,19,23,15,16,1,4,10,1,0,1,3,2,1,0
2,0,0,3,0,1,4,1,2,3,0,1,1,1,0,0,0,0,0,0
11,5,6,12,2,2,11,6,5,9,13,1,9,0,2,0,1,1,0,0
2,1,2,13,2,3,20,4,2,3,0,2,3,1,1,4,0,1,0,0
7,2,1,12,5,4,16,9,4,9,2,0,3,1,0,1,0,1,0,0
11,2,3,23,5,4,10,14,3,7,4,0,7,5,2,0,2,0,0,0
1,0,0,1,0,0,3,2,2,3,1,1,1,0,0,0,0,0,0,0
7,2,2,8,3,3,13,11,9,4,1,3,3,1,1,0,0,0,0,0
4,0,1,12,2,8,22,3,8,8,1,2,3,0,1,3,0,0,0,0
12,3,11,26,8,13,26,16,8,14,3,4,5,6,0,2,1,0,0,0
9,6,5,45,3,18,69,11,24,29,6,15,12,3,7,2,4,4,7,0
5,0,3,25,3,7,26,13,19,20,2,7,5,0,0,10,2,3,3,0
6,3,2,6,3,1,9,12,8,7,0,0,5,4,0,2,0,1,0,0
13,4,3,18,8,5,21,31,12,22,5,3,12,0,0,3,1,1,0,0
6,3,5,11,5,4,13,8,3,6,2,2,6,4,0,3,3,0,0,0
14,1,1,23,4,17,66,19,11,20,10,10,12,2,6,8,3,1,0,0
9,2,2,21,7,10,29,8,8,6,3,4,7,2,3,3,0,2,1,0
5,0,1,5,3,0,3,4,1,1,1,0,2,0,0,2,0,0,0,0
1,1,1,6,2,2,3,4,2,2,2,2,2,2,0,0,3,0,1,0
5,3,2,6,1,2,7,1,5,3,0,0,2,0,1,0,1,0,1,0
10,3,2,15,6,5,20,14,8,13,2,2,5,2,2,3,0,1,0,0
